name,addr,street,citystatezip,phone,type,website,lon,lat,addrtype,loctype,address,north,south,east,west
1781 Brewing Company,"11109 Plank Rd, Spotsylvania, VA 22553-4258",11109 Plank Rd,"Spotsylvania, VA 22553-4258",Phone: (540) 841-2598,Type: Taproom,NA,-77.7188498,38.3245154,street_address,rooftop,"11109 plank rd, locust grove, va 22508, usa",38.3258643802915,38.3231664197085,-77.71750081970849,-77.72019878029151
1865 Brewing Co.,"9 S Mallory St, Hampton, VA 23663",9 S Mallory St,"Hampton, VA 23663",Phone: (757) 964-9571,Type: Brewpub,Www.1865brewingcompany.com,-76.3214567,37.0188312,street_address,rooftop,"9 s mallory st, hampton, va 23663, usa",37.0201801802915,37.0174822197085,-76.3201077197085,-76.32280568029151
2 Silos Brewing Company,"9925 Discovery Blvd, Manassas, VA 20109",9925 Discovery Blvd,"Manassas, VA 20109",Phone: (703) 420-2257,Type: Taproom,www.2silosbrewing.com,-77.5217231,38.7429767,premise,rooftop,"historic district, 9925 discovery blvd, manassas, va 20109, usa",38.7442868802915,38.7415889197085,-77.5204261697085,-77.5231241302915
2 Witches Winery and Brewing Company,"209 Trade St, Danville, VA 24541-3545",209 Trade St,"Danville, VA 24541-3545",Phone: (434) 549-2739,Type: Taproom,www.2witcheswinebrew.com,-79.4211127,36.5857031,premise,rooftop,"209 trade st, danville, va 24541, usa",36.5869568302915,36.5842588697085,-79.41964416970849,-79.42234213029151
"6 Bears & A Goat Brewing Company, LLC","1140 International Pkwy, Fredericksburg, VA 22406-1126",1140 International Pkwy,"Fredericksburg, VA 22406-1126",Phone: 540-356-9056 Ext. 2,Type: Brewpub,www.6bgbrewingco.com,-77.51424209999999,38.3625039,premise,rooftop,"1140 international pkwy, fredericksburg, va 22406, usa",38.3638456302915,38.3611476697085,-77.51287411970848,-77.51557208029149
7 Dogs Brewpub,"360 W Spring St, Wytheville, VA 24382",360 W Spring St,"Wytheville, VA 24382",Phone: (276) 228-0994,Type: Brewpub,NA,-81.084878,36.9475889,street_address,rooftop,"360 w spring st, wytheville, va 24382, usa",36.9489378802915,36.9462399197085,-81.08352901970851,-81.08622698029151
A Few Old Goats Brewing,"515 8th St SW Ste 228, Roanoke, VA 24016",515 8th St SW Ste 228,"Roanoke, VA 24016",Phone: (540) 339-9562,Type: Taproom,NA,-79.9556819,37.2703832,subpremise,rooftop,"515 8th st sw #228, roanoke, va 24016, usa",37.2717390302915,37.2690410697085,-79.95441666970851,-79.95711463029151
Adroit Theory Brewing Company,"404 Browning Ct, Purcellville, VA 20132-6171",404 Browning Ct,"Purcellville, VA 20132-6171",Phone: (703) 434-0553,Type: Micro,www.adroit-theory.com,-77.7203935,39.1439613,premise,rooftop,"404 browning ct, purcellville, va 20132, usa",39.1453177802915,39.1426198197085,-77.7190036197085,-77.72170158029151
Adventure Brewing Co,"33 Perchwood Dr Ste 101, Fredericksburg, VA 22405-4552",33 Perchwood Dr Ste 101,"Fredericksburg, VA 22405-4552",Phone: (540) 242-8876,Type: Taproom,www.adventurebrewing.com,-77.4409046,38.384258,subpremise,rooftop,"33 perchwood dr #101, fredericksburg, va 22405, usa",38.3856069802915,38.3829090197085,-77.43955561970849,-77.44225358029149
Adventure Brewing Co Eagle Village,"1113 Jefferson Davis Hwy, Fredericksburg, VA 22401",1113 Jefferson Davis Hwy,"Fredericksburg, VA 22401",NA,Type: Taproom,NA,-77.4801556,38.3074856,street_address,rooftop,"1113 jefferson davis hwy, fredericksburg, va 22401, usa",38.3088345802915,38.3061366197085,-77.4788066197085,-77.48150458029151
Alewerks Brewing Company,"189-B Ewell rd, Williamsburg, VA 23188-2185",189-B Ewell rd,"Williamsburg, VA 23188-2185",Phone: (757) 220-3670,Type: Micro,www.alewerks.com,-76.7333365,37.3210219,street_address,rooftop,"189b ewell rd, williamsburg, va 23188, usa",37.32237088029149,37.3196729197085,-76.7319875197085,-76.7346854802915
Alewerks L.A.B. Taproom,"5711 Richmond Rd Ste 36, Williamsburg, VA 23188",5711 Richmond Rd Ste 36,"Williamsburg, VA 23188",Phone: (757) 220-3670,Type: Taproom,NA,-76.737478,37.3203024,subpremise,rooftop,"5711 richmond rd #36, williamsburg, va 23188, usa",37.3216513802915,37.3189534197085,-76.7361290197085,-76.7388269802915
Apocalypse Ale Works,"1257 Burnbridge Rd, Forest, VA 24551-3803",1257 Burnbridge Rd,"Forest, VA 24551-3803",Phone: (434) 258-8761,Type: Micro,www.apocalypsebrewworks.com,-79.28768149999999,37.3622171,premise,rooftop,"1257 burnbridge rd, forest, va 24551, usa",37.3635667302915,37.3608687697085,-79.2863533697085,-79.2890513302915
Ardent Craft Ales,"3200 W Leigh St, Richmond, VA 23230-4410",3200 W Leigh St,"Richmond, VA 23230-4410",Phone: (804) 359-1605,Type: Micro,www.ardentcraftales.com,-77.47192299999999,37.5684295,street_address,rooftop,"3200 w leigh st, richmond, va 23230, usa",37.5697784802915,37.5670805197085,-77.47057401970848,-77.47327198029149
Aslin Beer Company,"847 S. Pickett St, Alexandria, VA 22304",847 S. Pickett St,"Alexandria, VA 22304",Phone: (202) 578-7400,Type: Regional,www.aslinbeer.com,-77.13837269999999,38.8041736,street_address,rooftop,"847 s pickett st, alexandria, va 22304, usa",38.80552258029149,38.8028246197085,-77.1370237197085,-77.1397216802915
Aslin Beer Company - Alexandria,"257 Sunset Park Dr, Herndon, VA 20170",257 Sunset Park Dr,"Herndon, VA 20170",Phone: (703) 787-5766,Type: Taproom,NA,-77.37497599999999,38.95637,street_address,rooftop,"257 sunset park dr, herndon, va 20170, usa",38.9577189802915,38.9550210197085,-77.37362701970848,-77.3763249802915
B Chord Brewing Company,"34266 Williams Gap Rd, Round Hill, VA 20141-2100",34266 Williams Gap Rd,"Round Hill, VA 20141-2100",Phone: (703) 623-4542,Type: Taproom,www.bchordbrewing.com,-77.8247339,39.1205983,premise,rooftop,"34266 williams gap rd, round hill, va 20141, usa",39.1219539802915,39.1192560197085,-77.8233829197085,-77.82608088029151
Back Bay Brewing Company,"614 Norfolk Ave, Virginia Beach, VA 23451-4419",614 Norfolk Ave,"Virginia Beach, VA 23451-4419",Phone: (757) 531-7750,Type: Micro,www.backbaybrewingco.com,-75.9808843,36.8374244,premise,rooftop,"614 norfolk ave, virginia beach, va 23451, usa",36.8387978302915,36.8360998697085,-75.97961171970849,-75.98230968029151
Back Bay's Farmhouse Brewing Co,"1805 Kempsville Rd, Virginia Beach, VA 23464",1805 Kempsville Rd,"Virginia Beach, VA 23464",Phone: (757) 512-6430,Type: Micro,www.farmhousebrewingva.com,-76.190849,36.7828187,premise,rooftop,"1805 kempsville rd, virginia beach, va 23464, usa",36.7841621802915,36.781464219708504,-76.1894752197085,-76.1921731802915
Bacova Beer Company,"2814 Main St, Hot Springs, VA 24445",2814 Main St,"Hot Springs, VA 24445",Phone: (540) 505-4411,Type: Brewpub,www.bacovabeer.com,-79.83225030000001,37.999783,street_address,rooftop,"2814 main st, hot springs, va 24445, usa",38.0011319802915,37.9984340197085,-79.83090131970852,-79.83359928029152
BadWolf Brewing Company,"9776 Center St, Manassas, VA 20110-4128",9776 Center St,"Manassas, VA 20110-4128",Phone: (571) 208-1064,Type: Taproom,www.badwolfbrewingcompany.com,-77.49016600000002,38.754174,street_address,rooftop,"historic district, 9776 center st, manassas, va 20110, usa",38.7555229802915,38.7528250197085,-77.48881701970852,-77.49151498029153
Bald Top Brewing Company,"1830 Thrift Rd, Madison, VA 22727-2843",1830 Thrift Rd,"Madison, VA 22727-2843",Phone: (540) 717-6530,Type: Brewpub,www.baldtopbrewing.com,-78.2768234,38.3813883,premise,rooftop,"1830 thrift rd, madison, va 22727, usa",38.3827349302915,38.38003696970851,-78.2754641697085,-78.2781621302915
Ballad Brewing,"600 Craghead St, Danville, VA 24541-1504",600 Craghead St,"Danville, VA 24541-1504",Phone: (804) 925-0109,Type: Taproom,www.balladbrewing.com,-79.3866348,36.5844518,premise,rooftop,"600 craghead st, danville, va 24541, usa",36.5857978802915,36.5830999197085,-79.38533866970849,-79.3880366302915
Barking Rose Brewing Co + Farm,"9057 Old Culpeper Road, Warrenton, VA 20186",9057 Old Culpeper Road,"Warrenton, VA 20186",Phone: (703) 372-2979,Type: Taproom,www.barkingrose.com,-77.7999257,38.6629884,street_address,rooftop,"9057 old culpeper rd, warrenton, va 20186, usa",38.6643373802915,38.6616394197085,-77.79857671970849,-77.80127468029151
Barley Naked Brewing Company,"15 Tech Pkwy, Stafford, VA 22554",15 Tech Pkwy,"Stafford, VA 22554",Phone: (540) 623-4475,Type: Taproom,www.barleynaked.com,-77.47423049999999,38.4800445,premise,rooftop,"15 tech pkwy, stafford, va 22556, usa",38.4813637302915,38.4786657697085,-77.4728156697085,-77.4755136302915
Barnhouse Brewery,"43271 Spinks Ferry Rd, Leesburg, VA 20176-5629",43271 Spinks Ferry Rd,"Leesburg, VA 20176-5629",Phone: (703) 675-8480,Type: Taproom,www.barnhousebrewery.com,-77.4982929,39.2042663,premise,rooftop,"43271 spinks ferry rd, leesburg, va 20176, usa",39.2055915302915,39.2028935697085,-77.49693786970847,-77.4996358302915
Barrel Chest Wine & Beer,"4035 Electric Rd B, Roanoke, VA 24018",4035 Electric Rd B,"Roanoke, VA 24018",Phone: (540) 206-3475,Type: Taproom,www.barrelchestwineandbeer.com,-79.98286800000001,37.2235279,establishment,rooftop,"4035 electric rd suite a, roanoke, va 24018, usa",37.2248768802915,37.2221789197085,-79.98151901970851,-79.98421698029152
Barrel Oak Farm Taphouse,"3623 Grove Ln, Delaplane, VA 20144-2226",3623 Grove Ln,"Delaplane, VA 20144-2226",Phone: (540) 364-6402,Type: Taproom,www.barreloak.com,-77.905115,38.8867632,street_address,rooftop,"3623 grove ln, delaplane, va 20144, usa",38.8881121802915,38.8854142197085,-77.9037660197085,-77.9064639802915
Basic City Beer Co.,"212 W 6th St, Richmond, VA 23224",212 W 6th St,"Richmond, VA 23224",NA,Type: Micro,NA,-77.4419808,37.525928,street_address,rooftop,"212 w 6th st, richmond, va 23224, usa",37.5272769802915,37.5245790197085,-77.44063181970849,-77.44332978029149
Beale's,"510 Grove St, Bedford, VA 24523",510 Grove St,"Bedford, VA 24523",NA,Type: Brewpub,www.bealesbeer.com,-79.5186276,37.3358019,premise,rooftop,"510 grove st, bedford, va 24523, usa",37.33705898029149,37.3343610197085,-79.5172385697085,-79.5199365302915
Beer Hound Brewery,"201 Waters Pl, Culpeper, VA 22701-3102",201 Waters Pl,"Culpeper, VA 22701-3102",Phone: (540) 317-5327,Type: Taproom,NA,-77.9943893,38.4719318,street_address,rooftop,"201 waters pl, culpeper, va 22701, usa",38.4732807802915,38.4705828197085,-77.99304031970848,-77.99573828029149
Beliveau Farm Brewery,"5415 Gallion Ridge Rd, Blacksburg, VA 24060",5415 Gallion Ridge Rd,"Blacksburg, VA 24060",Phone: (540) 961-0505,Type: Taproom,https://www.beliveauestate.com/,-80.26892629999999,37.3160922,street_address,rooftop,"5415 gallion ridge rd, blacksburg, va 24060, usa",37.3174411802915,37.3147432197085,-80.26757731970848,-80.2702752802915
Belly Love Brewing Company,"725 E Main St, Purcellville, VA 20132-3178",725 E Main St,"Purcellville, VA 20132-3178",Phone: (540) 441-3159,Type: Taproom,www.bellylovebrewing.com,-77.7038151,39.1377446,street_address,rooftop,"725 e main st, purcellville, va 20132, usa",39.1390935802915,39.1363956197085,-77.70246611970849,-77.7051640802915
Beltway Brewing Company,"22620 Davis Dr Ste 110, Sterling, VA 20164-4470",22620 Davis Dr Ste 110,"Sterling, VA 20164-4470",Phone: (571) 989-2739,Type: Micro,www.beltwaybrewco.com,-77.4172133,38.9922586,subpremise,rooftop,"22620 davis dr #110, sterling, va 20164, usa",38.9936090802915,38.9909111197085,-77.41573011970848,-77.4184280802915
Benchtop Brewing Company,"1129 Boissevain Ave, Norfolk, VA 23507-1401",1129 Boissevain Ave,"Norfolk, VA 23507-1401",Phone: (757) 321-9482,Type: Taproom,www.benchtopbrewing.com,-76.3078366,36.8648625,street_address,rooftop,"1129 boissevain ave, norfolk, va 23507, usa",36.8662114802915,36.8635135197085,-76.3064876197085,-76.30918558029151
Big Lick Brewing Company,"409 Salem Ave SW, Roanoke, VA 24016",409 Salem Ave SW,"Roanoke, VA 24016",Phone: (540) 562-8383,Type: Taproom,www.biglickbrewingco.com,-79.94898119999999,37.2724963,street_address,rooftop,"409 salem ave sw, roanoke, va 24016, usa",37.2738452802915,37.2711473197085,-79.94763221970848,-79.95033018029149
Big Ugly Brewing,"845 S Battlefield Blvd, Chesapeake, VA 23322",845 S Battlefield Blvd,"Chesapeake, VA 23322",Phone: (757) 609-2739,Type: Taproom,www.biguglybrewing.com,-76.2320246,36.695195,premise,rooftop,"845 s battlefield blvd, chesapeake, va 23322, usa",36.6965709802915,36.69387301970851,-76.23065966970849,-76.2333576302915
Bike Lane Brewing & Cafe,"11150 Sunset Hills, Reston, VA 20190",11150 Sunset Hills,"Reston, VA 20190",Phone: (703) 689-2671,Type: Taproom,www.thebikelane.com,-77.3304234,38.9481264,premise,rooftop,"11150 sunset hills rd, reston, va 20190, usa",38.9494911802915,38.9467932197085,-77.3290625697085,-77.3317605302915
Billsburg Brewery,"2054 Jamestown Rd, Williamsburg, VA 23185-7911",2054 Jamestown Rd,"Williamsburg, VA 23185-7911",NA,Type: Taproom,www.billsburg.com,-76.77925379999999,37.22682229999999,premise,rooftop,"2054 jamestown rd, williamsburg, va 23185, usa",37.2282083302915,37.2255103697085,-76.7778818197085,-76.7805797802915
Bingo Beer Company,"2900 West Broad Street, Richmond, VA 23230",2900 West Broad Street,"Richmond, VA 23230",Phone: (804) 397-5226,Type: Brewpub,NA,-77.4716025,37.5637961,premise,rooftop,"2900 w broad st, richmond, va 23230, usa",37.56512343029149,37.56242546970849,-77.4702573197085,-77.4729552802915
Black Hoof Brewing,"11 S King St, Leesburg, VA 20175-2903",11 S King St,"Leesburg, VA 20175-2903",Phone: (571) 707-8014,Type: Brewpub,www.blackhoofbrewing.com,-77.56489189999999,39.1150303,premise,rooftop,"11 s king st, leesburg, va 20175, usa",39.1163944302915,39.1136964697085,-77.5635957197085,-77.56629368029151
Black Narrows Brewing Company,"4522 Chicken City Rd, Chincoteague, VA 23336-2303",4522 Chicken City Rd,"Chincoteague, VA 23336-2303",Phone: (571) 606-4131,Type: Taproom,www.blacknarrowsbrewing.com,-75.3618853,37.9311599,street_address,rooftop,"4522 chicken city rd, chincoteague, va 23336, usa",37.93250888029149,37.9298109197085,-75.36053631970849,-75.36323428029151
Black Walnut Brewery,"210 S King St, Leesburg, VA 20175-3010",210 S King St,"Leesburg, VA 20175-3010",Phone: (703) 771-9474,Type: Brewpub,NA,-77.5655285,39.1128858,street_address,rooftop,"210 s king st, leesburg, va 20175, usa",39.1142347802915,39.1115368197085,-77.56417951970849,-77.56687748029151
Blue Mountain Barrel House and Organic Brewery,"495 Cooperative Way, Arrington, VA 22922-3305",495 Cooperative Way,"Arrington, VA 22922-3305",Phone: (434) 263-4002,Type: Micro,www.bluemountainbarrel.com,-78.9437178,37.7102873,premise,rooftop,"495 cooperative way, arrington, va 22922, usa",37.7115984802915,37.7089005197085,-78.94241166970849,-78.9451096302915
Board Room Brewing Company,"925 N Garfield St, Arlington, VA 22201",925 N Garfield St,"Arlington, VA 22201",Phone: (703) 248-9439,Type: Brewpub,www.boardroombrewingcompany.com,-77.0933125,38.8838564,street_address,rooftop,"925 n garfield st, arlington, va 22201, usa",38.8852053802915,38.8825074197085,-77.09196351970849,-77.0946614802915
Box Office Brewery,"177 E King St, Strasburg, VA 22657-2238",177 E King St,"Strasburg, VA 22657-2238",Phone: (540) 233-3353,Type: Brewpub,Info@boxofficebrewery.com,-78.3604805,38.9890034,street_address,rooftop,"177 e king st, strasburg, va 22657, usa",38.9903523802915,38.98765441970851,-78.35913151970848,-78.36182948029149
Brass Cannon Brewing,"5476 Mooretown Rd, Williamsburg, VA 23188-2108",5476 Mooretown Rd,"Williamsburg, VA 23188-2108",Phone: 757-566-0001,Type: Taproom,www.brasscannonbrewing.com,-76.7306062,37.3161517,street_address,rooftop,"5476 mooretown rd, williamsburg, va 23188, usa",37.3175006802915,37.3148027197085,-76.72925721970849,-76.73195518029151
Brasserie Saison,"111 E Main St, Charlottesville, VA 22902",111 E Main St,"Charlottesville, VA 22902",Phone: (434) 202-7027,Type: Brewpub,NA,-78.48107999999999,38.030905,street_address,rooftop,"111 e main st, charlottesville, va 22902, usa",38.0322539802915,38.0295560197085,-78.47973101970848,-78.48242898029149
Brewing Tree Beer Company,"9278 Rockfish Valley Hwy, Afton, VA 22920",9278 Rockfish Valley Hwy,"Afton, VA 22920",Phone: (540) 381-0990,Type: Brewpub,NA,-78.8334276,37.9671904,street_address,rooftop,"9278 rockfish valley hwy, afton, va 22920, usa",37.9685393802915,37.9658414197085,-78.8320786197085,-78.8347765802915
Bristol Station Brews & Taproom,"41 Piedmont Ave, Bristol, VA 24201-4160",41 Piedmont Ave,"Bristol, VA 24201-4160",Phone: (276) 608-1220,Type: Taproom,www.bristolbrew.com,-82.18423659999999,36.5962781,premise,rooftop,"41 piedmont ave, bristol, va 24201, usa",36.59764353029151,36.59494556970851,-82.18285351970849,-82.1855514802915
Broken Window Brewing Company LLC.,"14 W Boscawen St, Winchester, VA 22601",14 W Boscawen St,"Winchester, VA 22601",Phone: (703) 999-7090,Type: Taproom,NA,-78.16617939999999,39.1842536,street_address,rooftop,"14 w boscawen st, winchester, va 22601, usa",39.18560258029149,39.18290461970849,-78.1648304197085,-78.1675283802915
Brothers Craft Brewing,"800 N Main St, Harrisonburg, VA 22802-4625",800 N Main St,"Harrisonburg, VA 22802-4625",Phone: (540) 421-6599,Type: Micro,www.brotherscraftbrewing.com,-78.8612832,38.457449,street_address,rooftop,"800 n main st, harrisonburg, va 22802, usa",38.45879798029149,38.45610001970849,-78.85993421970849,-78.8626321802915
Buffalo Mountain Brewery,"332 Webbs Mill Rd N, Floyd, VA 24091",332 Webbs Mill Rd N,"Floyd, VA 24091",Phone: (540) 745-2491,Type: Brewpub,www.buffalomountainbrewery.com,-80.32553209999999,36.9212216,premise,rooftop,"332 webbs mill rd n, floyd, va 24091, usa",36.92258563029149,36.91988766970849,-80.3241949697085,-80.3268929302915
"Buggs Island Brewing Company, LLC","110 College Street, Clarksville, VA 23927",110 College Street,"Clarksville, VA 23927",Phone: (434) 265-3343,Type: Brewpub,www.buggsislandbrewing.com,-78.5663957,36.618725,premise,rooftop,"110 college st, clarksville, va 23927, usa",36.6200505302915,36.61735256970851,-78.56504026970849,-78.5677382302915
Bull & Bones Brewhaus & Grill,"1470 S Main St Ste 120, Blacksburg, VA 24060-5571",1470 S Main St Ste 120,"Blacksburg, VA 24060-5571",Phone: (540) 953-2855,Type: Brewpub,www.bullandbones.com,-80.40253109999999,37.2133897,subpremise,rooftop,"1470 s main st #120, blacksburg, va 24060, usa",37.2147386802915,37.2120407197085,-80.40118211970848,-80.4038800802915
Bull & Bones Brewhaus & Grill - Christiansburg,"420 Peppers Ferry Rd NW, Christiansburg, VA 24073",420 Peppers Ferry Rd NW,"Christiansburg, VA 24073",Phone: (540) 953-2855,Type: Brewpub,NA,-80.4320001,37.1616381,subpremise,rooftop,"420 peppers ferry rd nw, christiansburg, va 24073, usa",37.1630567802915,37.1603588197085,-80.43061701970849,-80.4333149802915
COVA Brewing Company,"9529 Shore Drive, Norfolk, VA 23518",9529 Shore Drive,"Norfolk, VA 23518",Phone: (757) 651-4170,Type: Brewpub,www.covabrewco.com,-76.1915284,36.926941,premise,rooftop,"9529 shore dr, norfolk, va 23518, usa",36.92826353029149,36.9255655697085,-76.1901650197085,-76.19286298029151
Caboose Brewing Co.,"520 Mill St NE, Vienna, VA 22180-4526",520 Mill St NE,"Vienna, VA 22180-4526",Phone: (703) 865-8580,Type: Brewpub,caboosebrewing.com,-77.2705793,38.9077323,street_address,rooftop,"520 mill st ne, vienna, va 22180, usa",38.9090812802915,38.9063833197085,-77.26923031970848,-77.2719282802915
Caboose Commons,"2918 Eskridge Rd, Fairfax, VA 22031",2918 Eskridge Rd,"Fairfax, VA 22031",Phone: (703) 663-8833,Type: Brewpub,NA,-77.2320281,38.8729512,premise,rooftop,"2918 eskridge rd, fairfax, va 22031, usa",38.8743237802915,38.8716258197085,-77.2306377697085,-77.23333573029151
Camp Trapezium,"140 Union Hill Rd, Amherst, VA 24521",140 Union Hill Rd,"Amherst, VA 24521",Phone: (804) 677-5728,Type: Taproom,NA,-79.0484608,37.5765846,premise,rooftop,"140 union hill rd, amherst, va 24521, usa",37.5779162802915,37.5752183197085,-79.04714536970849,-79.04984333029151
Cape Charles Brewing Company,"2198 Stone Rd, Cape Charles, VA 23310-2706",2198 Stone Rd,"Cape Charles, VA 23310-2706",Phone: (757) 449-4839,Type: Brewpub,www.capecharlesbrewing.com,-76.0012283,37.2688484,street_address,rooftop,"2198 stone rd, cape charles, va 23310, usa",37.27019738029149,37.26749941970849,-75.99987931970848,-76.0025772802915
Capstan Bar Brewing Company,"2036 Exploration Way, Hampton, VA 23666-6260",2036 Exploration Way,"Hampton, VA 23666-6260",Phone: (757) 788-7276,Type: Taproom,www.capstanbarbrewing.com,-76.4028987,37.08408319999999,street_address,rooftop,"2036 exploration way, hampton, va 23666, usa",37.0854321802915,37.0827342197085,-76.4015497197085,-76.4042476802915
Castleburg Brewery,"1626 Ownby Ln, Richmond, VA 23220-1317",1626 Ownby Ln,"Richmond, VA 23220-1317",Phone: (804) 353-1256,Type: Taproom,www.castleburgbrewery.com,-77.45925849999999,37.564007,street_address,rooftop,"1626 ownby ln, richmond, va 23220, usa",37.56535598029149,37.5626580197085,-77.45790951970848,-77.46060748029149
Cave Hill Farms Brewery,"1001 Jacob Burner Dr, Mc Gaheysville, VA 22840",1001 Jacob Burner Dr,"Mc Gaheysville, VA 22840",Phone: (540) 246-1185,Type: Taproom,www.cavehillfarmsbrewery.com,-78.7217137,38.3668805,premise,rooftop,"1001 jacob burner dr, mcgaheysville, va 22840, usa",38.3682418802915,38.3655439197085,-78.72040086970851,-78.72309883029152
Cedar Run Brewery,"12801 Hazelwood Dr, Nokesville, VA 20181-2506",12801 Hazelwood Dr,"Nokesville, VA 20181-2506",Phone: (703) 203-2641,Type: Taproom,www.cedarrunbrewery.com,-77.5769196,38.6451825,premise,rooftop,"12801 hazelwood dr, nokesville, va 20181, usa",38.64654118029149,38.64384321970849,-77.5755710197085,-77.57826898029151
Center of the Universe Brewing Co,"11293 Air Park Rd, Ashland, VA 23005-3436",11293 Air Park Rd,"Ashland, VA 23005-3436",Phone: (804) 368-0299,Type: Micro,www.cotubrewing.com,-77.4469805,37.70855,premise,rooftop,"11293 air park rd, ashland, va 23005, usa",37.70991223029149,37.70721426970849,-77.4455961197085,-77.4482940802915
Champion Brewing Company,"610 Cami Ln, Charlottesville, VA 22902-5974",610 Cami Ln,"Charlottesville, VA 22902-5974",Phone: (434) 295-2739,Type: Micro,www.championbrewingcompany.com,-78.47667810000002,38.0293059,locality,approximate,"charlottesville, va, usa",38.070591,38.0095839,-78.446311,-78.52363679999999
Champion Brewing Company - Missile Factory,"610 Cami Ln, Charlottesville, VA 22902",610 Cami Ln,"Charlottesville, VA 22902",Phone: (434) 295-2739,Type: Micro,NA,-78.47667810000002,38.0293059,locality,approximate,"charlottesville, va, usa",38.070591,38.0095839,-78.446311,-78.52363679999999
Chubby Squirrel Brewing Company,"10382 Willard Way, Fairfax, VA 22030-2508",10382 Willard Way,"Fairfax, VA 22030-2508",Phone: (540) 558-8040,Type: Brewpub,www.chubbysquirrelbrewing.com,-77.303263,38.8487816,subpremise,rooftop,"10382 willard way, fairfax, va 22030, usa",38.8501332302915,38.8474352697085,-77.30192486970849,-77.3046228302915
Coastal Fermentory,"206 23rd St, Newport News, VA 23607",206 23rd St,"Newport News, VA 23607",Phone: (757) 576-2957,Type: Taproom,www.coastalfermentory.com,-76.4292139,36.9763822,premise,rooftop,"206 23rd st, newport news, va 23607, usa",36.9776996302915,36.9750016697085,-76.42782181970848,-76.43051978029149
Commonwealth Brewing Co.,"2444 Pleasure House Rd, Virginia Beach, VA 23455-1348",2444 Pleasure House Rd,"Virginia Beach, VA 23455-1348",Phone: (757) 305-9652,Type: Taproom,www.commonwealthbrewco.com,-76.1318594,36.9134889,premise,rooftop,"2444 pleasure house rd, virginia beach, va 23455, usa",36.9148968302915,36.9121988697085,-76.13048456970849,-76.1331825302915
Cooling Pond Brewery,"4411 Zachary Taylor Hwy, Mineral, VA 23117",4411 Zachary Taylor Hwy,"Mineral, VA 23117",Phone: (540) 905-5430,Type: Taproom,NA,-77.8823701,38.071688,street_address,rooftop,"4411 zachary taylor hwy, mineral, va 23117, usa",38.0730369802915,38.0703390197085,-77.8810211197085,-77.88371908029151
Crazy Rooster Brewing Company,"1560 Oakbridge Dr, Powhatan, VA 23139",1560 Oakbridge Dr,"Powhatan, VA 23139",Phone: (804) 464-2958,Type: Taproom,www.crazyroosterbrewing.com,-77.7447986,37.5050782,street_address,range_interpolated,"1560 oakbridge dr, powhatan, va 23139, usa",37.5064271802915,37.5037292197085,-77.7434496197085,-77.7461475802915
Creek Bottom Brewing,"307 N Meadow St, Galax, VA 24333-3019",307 N Meadow St,"Galax, VA 24333-3019",Phone: (276) 236-2337,Type: Brewpub,www.creekbottombrewing.com,-80.9203105,36.6663894,street_address,range_interpolated,"307 n meadow st, galax, va 24333, usa",36.6677383802915,36.6650404197085,-80.91896151970849,-80.92165948029151
Creek Bottom Brewing - Big Bottom,"103 Country Club Ln, Galax, VA 24333",103 Country Club Ln,"Galax, VA 24333",Phone: (276) 236-2337,Type: Brewpub,NA,-80.9063855,36.6801222,premise,rooftop,"103 country club ln, galax, va 24333, usa",36.6814506302915,36.6787526697085,-80.90504251970849,-80.90774048029151
Damascus Brewery,"32173 Government Rd, Damascus, VA 24236",32173 Government Rd,"Damascus, VA 24236",Phone: (276) 469-1069,Type: Taproom,www.thedamascusbrewery.com,-81.8020672,36.6402676,premise,rooftop,"32173 government rd, damascus, va 24236, usa",36.64161663029149,36.6389186697085,-81.8006876197085,-81.8033855802915
Dancing Kilt Brewery,"12912 Old Stage Rd, Chester, VA 23836",12912 Old Stage Rd,"Chester, VA 23836",Phone: (804) 318-1381,Type: Taproom,www.dancingkiltbrewery.com,-77.39753720000002,37.3512496,street_address,rooftop,"12912 old stage rd, chester, va 23836, usa",37.35259858029149,37.34990061970849,-77.39618821970852,-77.39888618029153
Deadline Brewing Project,"2272 W Great Neck Rd #2268, Virginia Beach, VA 23451",2272 W Great Neck Rd #2268,"Virginia Beach, VA 23451",Phone: (757) 502-4980,Type: Taproom,NA,-76.0703599306823,36.91152497755818,NA,NA,NA,NA,NA,NA,NA
Death Ridge Brewery,"5393 Higher Ground Trail, Jeffersonton, VA 22724",5393 Higher Ground Trail,"Jeffersonton, VA 22724",Phone: (540) 937-8943,Type: Taproom,www.deathridgebrewery.com,-77.92586039999999,38.6286158,establishment,rooftop,"5393 higher ground trail, jeffersonton, va 22724, usa",38.62996478029149,38.6272668197085,-77.9245114197085,-77.9272093802915
Decipher Brewing Co.,"1740 Broadway St., Charlottesville, VA 22902",1740 Broadway St.,"Charlottesville, VA 22902",Phone: (720) 903-0655,Type: Taproom,www.facebook.com/decipherbrewing/,-78.46005099999999,38.022015,street_address,rooftop,"1740 broadway st, charlottesville, va 22902, usa",38.0233639802915,38.0206660197085,-78.45870201970848,-78.46139998029149
Deschutes Brewery Tasting Room Roanoke VA,"315 Market St SE, Roanoke, VA 24011",315 Market St SE,"Roanoke, VA 24011",Phone: 540-259-5204,Type: Taproom,NA,-79.93935979999999,37.27058600000001,premise,rooftop,"315 market st se, roanoke, va 24011, usa",37.2719732302915,37.2692752697085,-79.9379542697085,-79.9406522302915
Dogtown Brewing Co.,"1209 Hull St, Richmond, VA 23224",1209 Hull St,"Richmond, VA 23224",Phone: (804) 724-2337,Type: Brewpub,https://www.dogtownbrewingco.com/,-77.444526,37.5209478,premise,rooftop,"1209 hull st, richmond, va 23224, usa",37.5223185802915,37.5196206197085,-77.4432284197085,-77.44592638029151
Dragon Run Brewing,"1401 Centerville Rd, Shacklefords, VA 23156",1401 Centerville Rd,"Shacklefords, VA 23156",Phone: (804) 380-0730,Type: Taproom,www.dragonrunbrewing.com,-76.7347915,37.5489666,street_address,rooftop,"1401 centerville rd, shacklefords, va 23156, usa",37.5503155802915,37.5476176197085,-76.73344251970849,-76.73614048029151
Dynasty Brewing Company,"21140 Ashburn Crossing Ste 130-5, Ashburn, VA 20147",21140 Ashburn Crossing Ste 130-5,"Ashburn, VA 20147",Phone: (703) 727-9229,Type: Taproom,www.dynastybrewing.com,-77.449874,39.031815,subpremise,rooftop,"21140 ashburn crossing dr 130 5, ashburn, va 20147, usa",39.0331639802915,39.03046601970851,-77.44852501970848,-77.45122298029149
Dynasty Brewing Company - Leesburg,"101 Loudoun St SE, Leesburg, VA 20175",101 Loudoun St SE,"Leesburg, VA 20175",Phone: (703) 727-9229,Type: Taproom,NA,-77.56348679999999,39.1136151,premise,rooftop,"101 loudoun st se, leesburg, va 20175, usa",39.1149734802915,39.1122755197085,-77.5621455197085,-77.5648434802915
Elation Brewing,"5104 Colley Ave, Norfolk, VA 23508",5104 Colley Ave,"Norfolk, VA 23508",Phone: (757) 469-6020,Type: Brewpub,www.elation.beer,-76.2947484,36.8895664,premise,rooftop,"5104 colley ave, norfolk, va 23508, usa",36.8909717302915,36.8882737697085,-76.2934295197085,-76.2961274802915
"Elkton Brewing Co., Inc.","100 N 5th St, Elkton, VA 22827",100 N 5th St,"Elkton, VA 22827",Phone: (540) 246-1684,Type: Taproom,elktonbrewing.com,-78.6246681,38.4085014,premise,rooftop,"100 5th st, elkton, va 22827, usa",38.4098667802915,38.4071688197085,-78.62331026970848,-78.62600823029149
Escutcheon Brewing Co.,"142 W Commercial St, Winchester, VA 22601-4828",142 W Commercial St,"Winchester, VA 22601-4828",Phone: (540) 773-3042,Type: Micro,www.escutcheonbrewing.com,-78.1629676,39.1955245,premise,rooftop,"142 w commercial st, winchester, va 22601, usa",39.1968572802915,39.1941593197085,-78.16163611970849,-78.1643340802915
Extra Billys Brewery and Smokehouse,"1110 Alverser Dr, Midlothian, VA 23113-2654",1110 Alverser Dr,"Midlothian, VA 23113-2654",Phone: (804) 379-8727,Type: Brewpub,www.extrabillys.com,-77.6184839,37.5072182,premise,rooftop,"1110 alverser dr, midlothian, va 23113, usa",37.50858743029149,37.50588946970849,-77.6170973697085,-77.61979533029152
Factory Street Brewing Comoany,"210 Factory St, South Bostin, VA 24592",210 Factory St,"South Bostin, VA 24592",NA,Type: Taproom,NA,-78.9023459,36.6963888,premise,rooftop,"210 factory st, south boston, va 24592, usa",36.6976996302915,36.6950016697085,-78.90096076970849,-78.9036587302915
Fair Winds Brewing Company,"7000 Newington Rd, Lorton, VA 22079-1133",7000 Newington Rd,"Lorton, VA 22079-1133",Phone: (703) 372-2001,Type: Taproom,www.fairwindsbrewing.com,-77.1841025,38.73925450000001,premise,geometric_center,"7000 newington rd, lorton, va 22079, usa",38.7406751802915,38.7379772197085,-77.18298901970849,-77.185686980291507
Far Gohn Brewing Company,"301 S East St, Culpeper, VA 22701-3105",301 S East St,"Culpeper, VA 22701-3105",Phone: (540) 423-2089,Type: Brewpub,www.fargohnbrewing.com,-77.9949425,38.4715174,premise,rooftop,"301 s east st, culpeper, va 22701, usa",38.4728609302915,38.4701629697085,-77.99358641970849,-77.9962843802915
Final Gravity Brewing Co.,"6118 Lakeside Ave, Richmond, VA 23228",6118 Lakeside Ave,"Richmond, VA 23228",Phone: (804) 264-4808,Type: Taproom,NA,-77.4706691,37.6152098,street_address,rooftop,"6118 lakeside ave, henrico, va 23228, usa",37.6165587802915,37.6138608197085,-77.4693201197085,-77.4720180802915
Fine Creek Brewing Company,"2425 Robert E Lee Rd, Powhatan, VA 23139-4411",2425 Robert E Lee Rd,"Powhatan, VA 23139-4411",Phone: (804) 372-9786,Type: Brewpub,www.finecreekbrewing.com,-77.81765279999999,37.597805,premise,rooftop,"2425 robert e lee rd, powhatan, va 23139, usa",37.5991557802915,37.5964578197085,-77.81628631970851,-77.81898428029152
Flying Ace Farm,"40950 Flying Ace Lane, Lovettsville, VA 20180",40950 Flying Ace Lane,"Lovettsville, VA 20180",Phone: (703) 687-6561,Type: Taproom,www.flyingacefarm.com,-77.5826728,39.27703289999999,premise,rooftop,"40950 flying ace ln, lovettsville, va 20180, usa",39.27831228029149,39.2756143197085,-77.5814017197085,-77.5840996802915
"Front Royal Brewing Company, LLC","122 E Main St, Front Royal, VA 22630-3337",122 E Main St,"Front Royal, VA 22630-3337",Phone: (540) 631-0773,Type: Brewpub,www.frontroyalbrewing.com,-78.1920219,38.918053,premise,rooftop,"122 e main st, front royal, va 22630, usa",38.91955788029149,38.9168599197085,-78.19062456970849,-78.19332253029151
Garden Grove Brewing Company,"3445 W Cary St, Richmond, VA 23221-2726",3445 W Cary St,"Richmond, VA 23221-2726",Phone: (804) 338-6029,Type: Taproom,www.gardengrovebrewing.com,-77.48595999999999,37.5548098,premise,rooftop,"3445 w cary st, richmond, va 23221, usa",37.5561467302915,37.5534487697085,-77.48461741970848,-77.4873153802915
Gloucester Brewing Company,"6778 Main St, Gloucester, VA 23061",6778 Main St,"Gloucester, VA 23061",Phone: (804) 210-1407,Type: Taproom,https://www.globrewco.com/,-76.52048409999999,37.4120542,premise,rooftop,"6778 main st, gloucester, va 23061, usa",37.41339628029149,37.4106983197085,-76.51913786970849,-76.5218358302915
Golden Cactus Brewing,"214 5th St SW, Roanoke, VA 24016",214 5th St SW,"Roanoke, VA 24016",NA,Type: Taproom,www.goldencactusbrewing.com,-79.9497519,37.27203009999999,premise,rooftop,"214 5th st sw, roanoke, va 24016, usa",37.2733537802915,37.2706558197085,-79.94839536970849,-79.9510933302915
"Great American Restaurants, Sweetwater Tavern","14250 Sweetwater Ln, Centreville, VA 20121-5336",14250 Sweetwater Ln,"Centreville, VA 20121-5336",Phone: (703) 449-1100,Type: Brewpub,www.greatamericanrestaurants.com,-77.4391438,38.8292968,premise,rooftop,"14250 sweetwater ln, centreville, va 20121, usa",38.83061363029149,38.82791566970849,-77.43780606970849,-77.4405040302915
"Great American Restaurants, Sweetwater Tavern","3066 Gate House Plz, Falls Church, VA 22042-1028",3066 Gate House Plz,"Falls Church, VA 22042-1028",Phone: (703) 645-8100,Type: Brewpub,www.greatamericanrestaurants.com,-77.2283897,38.8666548,street_address,rooftop,"3066 gate house plaza, falls church, va 22042, usa",38.8680037802915,38.8653058197085,-77.22704071970848,-77.2297386802915
Hammer & Forge Brewing Company,"70 Main Street, Boones Mill, VA 24064",70 Main Street,"Boones Mill, VA 24064",Phone: (540) 613-3913,Type: Taproom,www.hammerandforgebrewing.com,-79.9540328,37.1150131,street_address,rooftop,"70 main st, boones mill, va 24065, usa",37.11636208029149,37.1136641197085,-79.9526838197085,-79.9553817802915
Hardywood Park Craft Brewery,"2410 Ownby Ln, Richmond, VA 23220-1319",2410 Ownby Ln,"Richmond, VA 23220-1319",Phone: (804) 420-2420,Type: Regional,www.hardywood.com,-77.4575797,37.5649444,premise,rooftop,"2410 ownby ln, richmond, va 23220, usa",37.5663074302915,37.5636094697085,-77.45621106970849,-77.45890903029151
Hardywood Park Craft Brewery- West Creek,"820 Sanctuary Trail Dr, Richmond, VA 23238",820 Sanctuary Trail Dr,"Richmond, VA 23238",Phone: (804) 418-3548,Type: Micro,NA,-77.6520464,37.6154791,premise,rooftop,"820 sanctuary trail dr, richmond, va 23238, usa",37.6168303302915,37.6141323697085,-77.6507002697085,-77.6533982302915
Hawksbill Brewing Company,"22 Zerkel St, Luray, VA 22835-1913",22 Zerkel St,"Luray, VA 22835-1913",Phone: (540) 860-5608,Type: Taproom,www.hawksbillbrewing.com,-78.45809899999999,38.6647142,premise,rooftop,"22 zerkel st, luray, va 22835, usa",38.6660939302915,38.6633959697085,-78.4567058697085,-78.4594038302915
Heliotrope Brewery,"128 South Main Street, Lexington, VA 24450",128 South Main Street,"Lexington, VA 24450",Phone: (540) 458-3846,Type: Brewpub,NA,-79.443423,37.783395,street_address,rooftop,"128 s main st, lexington, va 24450, usa",37.78474398029149,37.7820460197085,-79.44207401970849,-79.44477198029149
Heritage Brewing Co,"9436 Center Point Ln, Manassas, VA 20110-1810",9436 Center Point Ln,"Manassas, VA 20110-1810",Phone: (571) 208-1355,Type: Micro,www.heritagebrewing.com,-77.4895437,38.752225,street_address,rooftop,"historic district, 9436 center point ln, manassas, va 20110, usa",38.75357398029149,38.75087601970849,-77.48819471970849,-77.49089268029151
Highmark Brewery,"390 Kings Hwy, Fredericksburg, VA 22405-3245",390 Kings Hwy,"Fredericksburg, VA 22405-3245",Phone: (763) 300-7575,Type: Taproom,www.highmarkbrewery.com,-77.43980839999999,38.2876292,premise,rooftop,"390 kings hwy, fredericksburg, va 22405, usa",38.2890657302915,38.2863677697085,-77.43840601970848,-77.4411039802915
Hillsborough Vineyards & Brewery,"36716 Charles Town Pike, Hillsboro, VA 20132",36716 Charles Town Pike,"Hillsboro, VA 20132",Phone: (540) 668-6216,Type: Taproom,www.hillsboroughwine.com,-77.7343683,39.2038988,street_address,range_interpolated,"36716 charles town pike, purcellville, va 20132, usa",39.2052477802915,39.2025498197085,-77.73301931970849,-77.73571728029151
Hopkins Ordinary Ale Works,"47 Main St, Sperryville, VA 22740",47 Main St,"Sperryville, VA 22740",Phone: (540) 987-3383,Type: Taproom,www.hopkinsordinary.com,-78.22692099999999,38.6577726,premise,rooftop,"47 main st, sperryville, va 22740, usa",38.659093780291506,38.65639581970851,-78.2255827697085,-78.22828073029152
House 6 Brewing,"44427 Atwater Dr., Ashburn, VA 20147",44427 Atwater Dr.,"Ashburn, VA 20147",Phone: (585) 520-5710,Type: Taproom,www.house6brewing.com,-77.4639005,39.0568684,premise,rooftop,"44427 atwater dr, ashburn, va 20147, usa",39.0582873302915,39.0555893697085,-77.4619214697085,-77.46461943029152
Intermission Beer Company,"10089 Brook Rd, Glen Allen, VA 23059",10089 Brook Rd,"Glen Allen, VA 23059",Phone: (804) 585-0405,Type: Taproom,www.intermissionbeer.com,-77.45831179999999,37.6730867,premise,rooftop,"10089 brook rd, glen allen, va 23059, usa",37.67439158029151,37.67169361970851,-77.45706416970849,-77.45976213029151
Iron Tree Brewing Company,"5 Roanoke St, Christiansburg, VA 24703",5 Roanoke St,"Christiansburg, VA 24703",NA,Type: Taproom,www.irontreebrewing.com,-80.4068741,37.1307207,premise,rooftop,"5 roanoke st, christiansburg, va 24073, usa",37.1320405302915,37.12934256970851,-80.40553301970849,-80.4082309802915
Isley Brewing Company,"1715 Summit Ave, Richmond, VA 23230-4515",1715 Summit Ave,"Richmond, VA 23230-4515",Phone: (804) 716-2132,Type: Micro,www.isleybrewingcompany.com,-77.46840329999999,37.5689251,premise,rooftop,"1715 summit ave, richmond, va 23230, usa",37.5702602302915,37.5675622697085,-77.46705491970849,-77.4697528802915
Jack Mason's Tavern and Brewery,"400 E Ridgeway St, Clifton Forge, VA 24422-1327",400 E Ridgeway St,"Clifton Forge, VA 24422-1327",Phone: (540) 862-5624,Type: Brewpub,www.jackmasonstavern.com,-79.8274419,37.8151759,premise,rooftop,"400 e ridgeway st, clifton forge, va 24422, usa",37.81655758029149,37.8138596197085,-79.8261087697085,-79.8288067302915
James River Brewery,"561 Valley St, Scottsville, VA 24590-4983",561 Valley St,"Scottsville, VA 24590-4983",Phone: (434) 286-7837,Type: Taproom,www.jrbrewery.com/home.html,-78.4959272,37.8004256,premise,rooftop,"561 valley st, scottsville, va 24590, usa",37.8017740302915,37.79907606970851,-78.4945517697085,-78.4972497302915
Kilmarnock Brewhaus,"44 W Church St, Kilmarnock, VA 22482",44 W Church St,"Kilmarnock, VA 22482",Phone: (804) 436-6207,Type: Brewpub,www.kilmarnock-brewhaus.com,-76.3816044,37.7108858,street_address,rooftop,"44 w church st, kilmarnock, va 22482, usa",37.7122347802915,37.7095368197085,-76.3802554197085,-76.38295338029151
Kindred Spirit Brewing,"12830 West Creek Pkwy Ste J, Richmond, VA 23238-1126",12830 West Creek Pkwy Ste J,"Richmond, VA 23238-1126",Phone: (804) 708-0309,Type: Taproom,www.kindredspiritbrewing.com,-77.6696292,37.6100051,subpremise,rooftop,"12830 w creek pkwy j, richmond, va 23238, usa",37.6113229802915,37.6086250197085,-77.6683229197085,-77.67102088029151
Krikelkay Brewing Company,"201 Old Courthouse Rd, Appomattox, VA 24522-4034",201 Old Courthouse Rd,"Appomattox, VA 24522-4034",Phone: (434) 426-3419,Type: Taproom,www.krikelkaybrewing.com,-78.8331767,37.3653191,subpremise,rooftop,"201 old courthouse rd, appomattox, va 24522, usa",37.3666842802915,37.3639863197085,-78.83183421970848,-78.8345321802915
Lake Anne Brew House,"11424 Washington Plz W, Reston, VA 20190-4310",11424 Washington Plz W,"Reston, VA 20190-4310",Phone: (571) 758-2739,Type: Taproom,www.lakeannebrewhouse.com,-77.3412153,38.9684251,street_address,rooftop,"11424 washington plaza w, reston, va 20190, usa",38.96977408029149,38.9670761197085,-77.33986631970849,-77.34256428029151
Legend Brewing Co,"1 High St, Portsmouth, VA 23704-3814",1 High St,"Portsmouth, VA 23704-3814",Phone: (804) 232-8871,Type: Brewpub,NA,-76.2966486,36.8348448,premise,rooftop,"1 high st, portsmouth, va 23704, usa",36.8361957802915,36.8334978197085,-76.29526436970849,-76.2979623302915
Lickinghole Creek Craft Brewery,"4100 Knolls Point Dr, Goochland, VA 23063-2858",4100 Knolls Point Dr,"Goochland, VA 23063-2858",Phone: (804) 314-8717,Type: Micro,www.lickingholecreek.com,-78.0098838,37.7440598,premise,rooftop,"4100 knolls point dr, goochland, va 23063, usa",37.74540938029149,37.7427114197085,-78.0085125197085,-78.01121048029151
Little Washington Brewery,"72 Christmas Tree Lane, Washington , VA 22747",72 Christmas Tree Lane,"Washington , VA 22747",Phone: (540) 987-8330,Type: Taproom,Www.littlewashingtonbrewery.com,-78.18758,38.6937244,street_address,rooftop,"72 christmas tree ln, washington, va 22747, usa",38.6950733802915,38.6923754197085,-78.18623101970849,-78.1889289802915
"Little Washington Brewery, LLC","72 Christmas Tree Lane, Washington, VA 22747",72 Christmas Tree Lane,"Washington, VA 22747",Phone: (540) 987-8330,Type: Taproom,Www.littlewashingtonbrewery.com,-78.18758,38.6937244,street_address,rooftop,"72 christmas tree ln, washington, va 22747, usa",38.6950733802915,38.6923754197085,-78.18623101970849,-78.1889289802915
Lonesome Pine Brewing Co.,"15 East Main Street, Lebanon, VA 24266",15 East Main Street,"Lebanon, VA 24266",Phone: (276) 880-0278,Type: Taproom,www.lonesomepinebrewing.com,-82.0800203,36.9011742,street_address,range_interpolated,"15 e main st, lebanon, va 24266, usa",36.9025231802915,36.8998252197085,-82.0786713197085,-82.08136928029151
Long Way Brewing,"501 2nd St, Radford, VA 24141-1403",501 2nd St,"Radford, VA 24141-1403",Phone: (540) 838-2229,Type: Taproom,www.longwaybrewing.com,-80.577152,37.1318081,premise,rooftop,"501 2nd st, radford, va 24141, usa",37.13316938029149,37.13047141970849,-80.57579416970849,-80.57849213029151
"Loose Shoe Brewing Company, LLC","198 Ambriar Plz, Amherst, VA 24521",198 Ambriar Plz,"Amherst, VA 24521",Phone: 434-946-BEER,Type: Brewpub,www.looseshoebrewing.com,-79.0631365,37.5650886,street_address,rooftop,"198 ambriar plaza, amherst, va 24521, usa",37.56643758029149,37.5637396197085,-79.0617875197085,-79.06448548029151
Lost Barrel Brewing,"36138 John Mosby Hwy, Middleburg, VA 20117",36138 John Mosby Hwy,"Middleburg, VA 20117",NA,Type: Brewpub,www.lostbarrel.com,-77.7550637,38.96770590000001,street_address,rooftop,"36138 john mosby hwy, middleburg, va 20117, usa",38.96905488029151,38.96635691970851,-77.75371471970848,-77.75641268029149
Lost Rhino Brewing Co,"21730 Red Rum Dr Ste 142, Ashburn, VA 20147-5870",21730 Red Rum Dr Ste 142,"Ashburn, VA 20147-5870",Phone: (571) 291-2083,Type: Micro,www.lostrhino.com,-77.47575619999999,39.0159814,subpremise,rooftop,"21730 red rum dr #142, ashburn, va 20147, usa",39.0173303802915,39.0146324197085,-77.4744072197085,-77.4771051802915
Loudoun Brewing Co,"310 E Market St, Leesburg, VA 20176-4101",310 E Market St,"Leesburg, VA 20176-4101",Phone: (571) 223-6097,Type: Taproom,www.loudounbrewing.com,-77.5590706,39.1128266,street_address,rooftop,"310 e market st, leesburg, va 20176, usa",39.1141755802915,39.1114776197085,-77.55772161970849,-77.56041958029151
Main Line Brewery,"1603 Ownby Ln, Richmond, VA 23220",1603 Ownby Ln,"Richmond, VA 23220",Phone: (804) 387-9670,Type: Taproom,www.mainlinerva.com,-77.4582757,37.5622363,premise,rooftop,"1603 ownby ln, richmond, va 23220, usa",37.5635443302915,37.5608463697085,-77.4569001197085,-77.4595980802915
Maker's Craft Brewery,"735 E 23rd St, Norfolk, VA 23504-1905",735 E 23rd St,"Norfolk, VA 23504-1905",Phone: (303) 709-4420,Type: Taproom,www.makers.beer,-76.278595,36.8680857,premise,rooftop,"735 e 23rd st, norfolk, va 23504, usa",36.8694872802915,36.8667893197085,-76.27723476970849,-76.27993273029149
Maltese Brewing Company,"11047 Pierson Drive, Fredericksburg, VA 22408",11047 Pierson Drive,"Fredericksburg, VA 22408",Phone: (540) 385-9360,Type: Taproom,www.maltesebrewing.com,-77.4366257,38.2608018,premise,rooftop,"11047 pierson dr, fredericksburg, va 22408, usa",38.26212213029149,38.2594241697085,-77.43526596970848,-77.4379639302915
Meriwether Springs Vineyard and Brewery,"1040 Owensville Rd, Charlottesville, VA 22901-9517",1040 Owensville Rd,"Charlottesville, VA 22901-9517",Phone: (434) 244-5086,Type: Brewpub,www.meriwethersprings.com,-78.592081,38.065237,street_address,rooftop,"1040 owensville rd, charlottesville, va 22901, usa",38.06658598029149,38.06388801970849,-78.59073201970848,-78.5934299802915
Midnight Brewery,"2410 Granite Ridge Rd Ste B, Rockville, VA 23146-2234",2410 Granite Ridge Rd Ste B,"Rockville, VA 23146-2234",Phone: (804) 356-9379,Type: Micro,www.midnight-brewery.com,-77.665916,37.6984242,subpremise,rooftop,"2410 granite ridge rd b, rockville, va 23146, usa",37.6997651302915,37.6970671697085,-77.6645726697085,-77.66727063029151
MoMac Brewing Company,"3228 Academy Ave, Portsmouth, VA 23703-3203",3228 Academy Ave,"Portsmouth, VA 23703-3203",Phone: (757) 383-9572,Type: Taproom,www.momacbrewing.com,-76.3981781,36.8632227,street_address,rooftop,"3228 academy ave, portsmouth, va 23703, usa",36.8645716802915,36.8618737197085,-76.3968291197085,-76.3995270802915
Molly’s Blind Dog Brewery,"4515 W Hundred Rd, Chester, VA 23831",4515 W Hundred Rd,"Chester, VA 23831",Phone: (804)530-9022,Type: Taproom,www.mollysbicycleshop.com,-77.4493888,37.3537385,premise,rooftop,"4515 w hundred rd, chester, va 23831, usa",37.3550769302915,37.3523789697085,-77.44805351970848,-77.45075148029149
Montross Brewery,"15381 Kings Hwy, Montross, VA 22520-2746",15381 Kings Hwy,"Montross, VA 22520-2746",Phone: (804) 452-7394,Type: Taproom,www.montrossbrewery.com,-76.8340303,38.0935333,premise,rooftop,"15381 kings hwy, montross, va 22520, usa",38.09489983029151,38.09220186970851,-76.83267371970848,-76.8353716802915
Moon Hollow Brewing Company,"4237 Prices Fork Rd Ste B, Blacksburg, VA 24060",4237 Prices Fork Rd Ste B,"Blacksburg, VA 24060",Phone: (540) 505-2293,Type: Taproom,www.moonhollowbrewing.com,-80.4909759,37.2077779,subpremise,rooftop,"4237 prices fork rd b, blacksburg, va 24060, usa",37.2091178302915,37.2064198697085,-80.4896434697085,-80.4923414302915
Mount Ida Reserve,"5600 Moonlight Dr, Scottsville, VA 24590",5600 Moonlight Dr,"Scottsville, VA 24590",Phone: (434) 286-4282,Type: Taproom,www.mountidareserve.com,-78.48336859999999,37.8696959,street_address,range_interpolated,"5600 moonlight dr, scottsville, va 24590, usa",37.87104488029149,37.86834691970849,-78.48201961970848,-78.48471758029149
Mountain Valley Brewing,"4220 Mountain Valley Rd, Axton, VA 24054-2985",4220 Mountain Valley Rd,"Axton, VA 24054-2985",Phone: (276) 833-2171,Type: Taproom,Www.mountainvalleybrewing.com,-79.705729,36.7157496,premise,rooftop,"4220 mountain valley rd, axton, va 24054, usa",36.7170883302915,36.7143903697085,-79.70437136970848,-79.7070693302915
Mud Hound Brewing Co / MacDowell Brew Kitchen,"202B Harrison St SE, Leesburg, VA 20175-3701",202B Harrison St SE,"Leesburg, VA 20175-3701",Phone: (703) 777-2739,Type: Brewpub,www.macdowellbrewkitchen.com,-77.562465,39.11257990000001,street_address,rooftop,"202 harrison st se, leesburg, va 20175, usa",39.11392888029151,39.11123091970851,-77.56111601970849,-77.5638139802915
Mustang Sally Brewing Co,"14140 Parke Long, Chantilly, VA 20151-4009",14140 Parke Long,"Chantilly, VA 20151-4009",Phone: (703) 888-6447,Type: Taproom,www.msbrewing.com,-77.43765669999999,38.8923573,premise,rooftop,"14140 parke long ct, chantilly, va 20151, usa",38.8936563302915,38.89095836970851,-77.4362623697085,-77.43896033029151
Nansemond Brewing Station,"212 E Washington St, Suffolk, VA 23434-4514",212 E Washington St,"Suffolk, VA 23434-4514",Phone: (757) 533-1173,Type: Taproom,NA,-76.58038119999999,36.7275429,street_address,rooftop,"212 e washington st, suffolk, va 23434, usa",36.7288918802915,36.7261939197085,-76.5790322197085,-76.5817301802915
New District Brewing Company,"2709 S Oakland St, Arlington, VA 22206-2309",2709 S Oakland St,"Arlington, VA 22206-2309",Phone: (703) 888-5820,Type: Taproom,www.newdistrictbrewing.com,-77.089677,38.8436838,premise,rooftop,"2709 s oakland st, arlington, va 22206, usa",38.8450023302915,38.8423043697085,-77.0883046197085,-77.0910025802915
New Realm Brewing,"1209 Craft Ln, Virginia Beach, VA 23454",1209 Craft Ln,"Virginia Beach, VA 23454",NA,Type: Micro,NA,-76.0061641,36.7765815,premise,rooftop,"1209 craft ln, virginia beach, va 23454, usa",36.7779355802915,36.77523761970851,-76.00479621970851,-76.00749418029152
O'Connor Brewing Co,"211 W 24th St, Norfolk, VA 23517-1303",211 W 24th St,"Norfolk, VA 23517-1303",Phone: (757) 623-2337,Type: Micro,www.oconnorbrewing.com,-76.2863778,36.8698225,premise,rooftop,"211 w 24th st, norfolk, va 23517, usa",36.8712041302915,36.8685061697085,-76.2850224697085,-76.28772043029151
Ocelot Brewing Co,"23600 Overland Dr Ste 180, Dulles, VA 20166-4441",23600 Overland Dr Ste 180,"Dulles, VA 20166-4441",Phone: (703) 665-2146,Type: Micro,www.ocelotbrewing.com,-77.4993234,38.9633111,subpremise,rooftop,"23600 overland dr #180, sterling, va 20166, usa",38.9646462802915,38.9619483197085,-77.49794656970849,-77.50064453029151
Octonia Stone Brew Works,"14902 Spotswood Trail, Ruckersville, VA 22968",14902 Spotswood Trail,"Ruckersville, VA 22968",Phone: (434) 409-4176,Type: Taproom,www.octonia.beer,-78.36913440000001,38.2328098,premise,rooftop,"14902 spotswood trail, ruckersville, va 22968, usa",38.23417603029149,38.23147806970849,-78.36776491970849,-78.3704628802915
Old 690 Brewing Co,"15670 Ashbury Church Rd, Purcellville, VA 20132-2817",15670 Ashbury Church Rd,"Purcellville, VA 20132-2817",Phone: (540) 668-7023,Type: Brewpub,www.old690.com,-77.7271901,39.1834408,premise,rooftop,"15670 ashbury church rd, purcellville, va 20132, usa",39.1848248802915,39.1821269197085,-77.7257979197085,-77.7284958802915
Old Bust Head Brewing Company,"7136 Farm Station Road, Vint Hill, VA 20187-3949",7136 Farm Station Road,"Vint Hill, VA 20187-3949",Phone: (540) 347-4777,Type: Micro,www.oldbusthead.com,-77.6747425,38.7431667,street_address,range_interpolated,"7136 farm station rd, warrenton, va 20187, usa",38.7445156802915,38.7418177197085,-77.67339351970848,-77.67609148029149
Old House Vineyards,"18351 Corkys Ln, Culpeper, VA 22701",18351 Corkys Ln,"Culpeper, VA 22701",Phone: (540) 423-1032,Type: Taproom,www.oldhousevineyards.com,-77.91309319999999,38.4546356,street_address,rooftop,"18351 corkys ln, culpeper, va 22701, usa",38.45598458029149,38.45328661970849,-77.91174421970848,-77.91444218029149
Old Ox Brewery LLC,"44652 Guilford Dr Ste 114, Ashburn, VA 20147-6006",44652 Guilford Dr Ste 114,"Ashburn, VA 20147-6006",Phone: (703) 729-8375,Type: Taproom,www.oldoxbrewery.com,-77.4558342,39.0220103,subpremise,rooftop,"44652 guilford dr ste 114, ashburn, va 20147, usa",39.0233592802915,39.0206613197085,-77.4544852197085,-77.45718318029151
Old Rappahannock Brewing Company,"124 Main St, Warsaw, VA 22572",124 Main St,"Warsaw, VA 22572",NA,Type: Brewpub,https://www.oldrapp.com/,-76.7561748,37.9596389,street_address,rooftop,"124 main st, warsaw, va 22572, usa",37.9609878802915,37.95828991970851,-76.7548258197085,-76.7575237802915
Old Trade Brewery,"13270 Alanthus Rd, Brandy Station, VA 22714-1905",13270 Alanthus Rd,"Brandy Station, VA 22714-1905",Phone: (774) 218-8645,Type: Micro,www.oldtradebrewery.com,-77.90761719999999,38.5186939,premise,rooftop,"13270 alanthus rd, brandy station, va 22714, usa",38.5200509302915,38.5173529697085,-77.9062715697085,-77.90896953029151
Olde Salem Brewing Company,"21 E Main St, Salem, VA 24153-3806",21 E Main St,"Salem, VA 24153-3806",Phone: 504-404-4399,Type: Taproom,oldesalembrewing.com,-80.0578171,37.2929204,street_address,rooftop,"21 e main st, salem, va 24153, usa",37.2942693802915,37.2915714197085,-80.0564681197085,-80.0591660802915
Ono Brewing Company,"4520 Daly Dr Ste 102, Chantilly, VA 20151-3735",4520 Daly Dr Ste 102,"Chantilly, VA 20151-3735",Phone: (571) 409-6662,Type: Taproom,www.onobrewco.com,-77.44490979999999,38.8832172,subpremise,rooftop,"4520 daly dr #102, chantilly, va 20151, usa",38.8845661802915,38.8818682197085,-77.4435608197085,-77.4462587802915
Origin Beer Lab,"106 South Railroad Ave, Ashland, VA 23005",106 South Railroad Ave,"Ashland, VA 23005",Phone: (804) 299-2389,Type: Micro,www.originbeerlab.com,-77.48172,37.7583932,street_address,rooftop,"106 s railroad ave, ashland, va 23005, usa",37.7597421802915,37.7570442197085,-77.48037101970849,-77.4830689802915
Ornery Beer Company - Bristow,"8088 Flannery Ct., Manassas, VA 20109",8088 Flannery Ct.,"Manassas, VA 20109",Phone: (703) 447-1180,Type: Brewpub,NA,-77.55812089999999,38.782273000000004,street_address,rooftop,"8088 flannery ct, manassas, va 20109, usa",38.7836219802915,38.7809240197085,-77.55677191970848,-77.55946988029149
Pale Fire Brewing Co,"217 S Liberty St Ste 105, Harrisonburg, VA 22801-3675",217 S Liberty St Ste 105,"Harrisonburg, VA 22801-3675",Phone: (540) 217-5452,Type: Taproom,www.palefirebrewing.com,-78.8721451,38.4470179,subpremise,rooftop,"217 s liberty st #105, harrisonburg, va 22801, usa",38.44836688029149,38.4456689197085,-78.87079611970849,-78.87349408029151
Parkway Brewing,"739 Kessler Mill Rd, Salem, VA 24153-3035",739 Kessler Mill Rd,"Salem, VA 24153-3035",Phone: (540) 404-9810,Type: Micro,www.parkwaybrewing.com,-80.03319719999999,37.3092305,premise,rooftop,"739 kessler mill rd, salem, va 24153, usa",37.3105985302915,37.3079005697085,-80.03187391970849,-80.0345718802915
Pen Druid Brewing,"7 River Ln, Sperryville, VA 22740",7 River Ln,"Sperryville, VA 22740",Phone: (540) 987-5064,Type: Taproom,www.pendruid.com,-78.21321859999999,38.65215300000001,establishment,rooftop,"3863 sperryville pike, sperryville, va 22740, usa",38.65350198029151,38.65080401970851,-78.2118696197085,-78.2145675802915
Pleasure House Brewing,"2032 Pleasure House Rd, Virginia Beach, VA 23455",2032 Pleasure House Rd,"Virginia Beach, VA 23455",Phone: (757) 496-0916,Type: Taproom,www.pleasurehousebrewing.com,-76.1357695,36.9024135,premise,rooftop,"2032 pleasure house rd, virginia beach, va 23455, usa",36.9037544802915,36.9010565197085,-76.13446136970849,-76.13715933029151
Port City Brewing Co.,"3950 Wheeler Ave, Alexandria, VA 22304-6409",3950 Wheeler Ave,"Alexandria, VA 22304-6409",Phone: (703) 797-2739,Type: Micro,www.portcitybrewing.com,-77.1015012,38.8079977,premise,rooftop,"3950 wheeler ave, alexandria, va 22304, usa",38.8093118802915,38.8066139197085,-77.1001480197085,-77.1028459802915
Powers Farm & Brewery,"9269 Redemption Way, Midland, VA 22728",9269 Redemption Way,"Midland, VA 22728",Phone: (540) 316-0175,Type: Taproom,www.powersfarmbrewery.com,-77.7398656,38.652969,premise,rooftop,"9269 redemption way, midland, va 22728, usa",38.6543299802915,38.6516320197085,-77.7384985697085,-77.74119653029152
Precarious Beer Hall,"110 South Henry St, Williamsburg, VA 23185",110 South Henry St,"Williamsburg, VA 23185",Phone: (757) 790-2299,Type: Brewpub,NA,-76.7059797,37.27008,premise,rooftop,"110 s henry st, williamsburg, va 23185, usa",37.2713663802915,37.2686684197085,-76.7047423197085,-76.70744028029151
Prince Michel Vineyard and Winery,"154 Winery Lane, Leon, VA 22725",154 Winery Lane,"Leon, VA 22725",Phone: (540) 547-3707,Type: Brewpub,NA,-78.15421630000002,38.4364319,premise,rooftop,"154 winery ln, leon, va 22725, usa",38.4377466802915,38.4350487197085,-78.15287056970848,-78.15556853029149
Pro Re Nata Brewery,"6135 Rockfish Gap Tpke, Crozet, VA 22932-3325",6135 Rockfish Gap Tpke,"Crozet, VA 22932-3325",Phone: (434) 823-4878,Type: Taproom,www.prnbrewery.com,-78.7142724,38.0487961,premise,rooftop,"6135 rockfish gap turnpike, crozet, va 22932, usa",38.0501818802915,38.0474839197085,-78.71289416970849,-78.7155921302915
Public House Kitchen and Brewery,"9406 Battle St, Manassas, VA 20110-5431",9406 Battle St,"Manassas, VA 20110-5431",Phone: (571) 292-1427,Type: Brewpub,www.phbrewpub.com,-77.4726726,38.7513406,premise,rooftop,"9406 battle st, manassas, va 20110, usa",38.7526872302915,38.7499892697085,-77.4713727697085,-77.4740707302915
Quattro Goombas Brewery,"22860 James Monroe Hwy, Aldie, VA 20105-1916",22860 James Monroe Hwy,"Aldie, VA 20105-1916",Phone: (703) 509-1332,Type: Brewpub,www.quattrogoombas.com,-77.6174545,38.9859294,premise,geometric_center,"22860 james monroe hwy, aldie, va 20105, usa",38.9872102802915,38.9845123197085,-77.6160347,-77.6194763
Queen City Brewing,"834 Spring Hill Rd, Staunton, VA 24401-2865",834 Spring Hill Rd,"Staunton, VA 24401-2865",Phone: (540) 213-8014,Type: Taproom,www.queencitybrewing.com,-79.0789149,38.1616517,premise,rooftop,"834 spring hill rd, staunton, va 24401, usa",38.1629971302915,38.16029916970851,-79.07752756970848,-79.0802255302915
Random Row Brewing Co.,"608 Preston Ave, Charlottesville, VA 22903-4566",608 Preston Ave,"Charlottesville, VA 22903-4566",Phone: (434) 284-8466,Type: Taproom,www.randomrow.com,-78.4867378,38.0348149,premise,geometric_center,"608 preston ave, charlottesville, va 22903, usa",38.03615618029151,38.03345821970851,-78.48542731970849,-78.4881252802915
Reason Beer,"1180 Seminole Trl Ste 290, Charlottesville, VA 22901-5713",1180 Seminole Trl Ste 290,"Charlottesville, VA 22901-5713",Phone: (434) 249-4572,Type: Taproom,www.reasonbeer.com,-78.4884433,38.0703358,subpremise,rooftop,"1180 seminole trail #290, charlottesville, va 22901, usa",38.07168478029149,38.0689868197085,-78.48709431970849,-78.4897922802915
Reaver Beach Brewing Co,"1505 Taylor Farm Rd, Virginia Beach, VA 23453-3099",1505 Taylor Farm Rd,"Virginia Beach, VA 23453-3099",Phone: (757) 563-2337,Type: Micro,www.reaverbeach.com,-76.0602485,36.7882979,street_address,rooftop,"1505 taylor farm rd, virginia beach, va 23453, usa",36.7896468802915,36.7869489197085,-76.0588995197085,-76.06159748029151
Reaver NFK,"3800 Colley Ave, Norfolk, VA 23508",3800 Colley Ave,"Norfolk, VA 23508",NA,Type: Taproom,NA,-76.29447689999999,36.8802977,premise,rooftop,"3800 colley ave, norfolk, va 23508, usa",36.8816224302915,36.8789244697085,-76.2931375197085,-76.29583548029152
Redbeard Brewing Co,"120 S Lewis St, Staunton, VA 24401-4256",120 S Lewis St,"Staunton, VA 24401-4256",Phone: (540) 430-3532,Type: Taproom,redbeardbrews.com,-79.0745901,38.1475838,premise,rooftop,"120 s lewis st, staunton, va 24401, usa",38.14894958029149,38.14625161970849,-79.0732371197085,-79.0759350802915
Restless Moons Brewing,"120 W Wolfe St, Harrisonburg, VA 22802-3815",120 W Wolfe St,"Harrisonburg, VA 22802-3815",Phone: (540) 217-2726,Type: Taproom,www.restlessmoons.com,-78.8706642,38.4519962,premise,rooftop,"120 w wolfe st, harrisonburg, va 22802, usa",38.4533647802915,38.4506668197085,-78.86932176970849,-78.8720197302915
Richbrau,"5 S 20th Street, Richmond, VA 23223",5 S 20th Street,"Richmond, VA 23223",Phone: (804) 621-4100,Type: Taproom,www.richbraubrewing.com,-77.42597839999999,37.5313615,premise,rooftop,"5 s 20th st, richmond, va 23223, usa",37.53272723029151,37.53002926970851,-77.4246271697085,-77.427325130291507
Richbrau Brewing,"5 S 20th Street, Richmond, VA 23223",5 S 20th Street,"Richmond, VA 23223",Phone: (804) 290-3837,Type: Taproom,www.richbraubrewing.com,-77.42597839999999,37.5313615,premise,rooftop,"5 s 20th st, richmond, va 23223, usa",37.53272723029151,37.53002926970851,-77.4246271697085,-77.427325130291507
Ridge Runner Farms and Brewing Co.,"6895 Back Rd, Maurertown, VA 22644",6895 Back Rd,"Maurertown, VA 22644",Phone: (540) 333-7042,Type: Brewpub,NA,-78.53132289999999,38.9341629,premise,rooftop,"6895 back rd, maurertown, va 22644, usa",38.93549893029149,38.9328009697085,-78.5299906697085,-78.5326886302915
Right Mind Brewing,"1410 S Main St, Blacksburg, VA 24060-5528",1410 S Main St,"Blacksburg, VA 24060-5528",Phone: (540) 552-7000,Type: Brewpub,www.rightmindbrewing.com,-80.4010479,37.2151812,premise,rooftop,"1410 s main st, blacksburg, va 24060, usa",37.2165597302915,37.2138617697085,-80.39970341970849,-80.4024013802915
Rip Rap Brewing Company,"116 E 25th St, Norfolk, VA 23517-1408",116 E 25th St,"Norfolk, VA 23517-1408",Phone: (757) 632-0159,Type: Taproom,www.riprapbrewing.com,-76.2831248,36.8703278,premise,rooftop,"116 e 25th st, norfolk, va 23517, usa",36.87168073029149,36.8689827697085,-76.2817608197085,-76.2844587802915
Rising Silo Brewery,"2351 Glade Rd, Blacksburg, VA 24060-1928",2351 Glade Rd,"Blacksburg, VA 24060-1928",Phone: (540) 750-0796,Type: Brewpub,www.risingsilobrewery.com,-80.4630495,37.2358192,premise,rooftop,"2351 glade rd, blacksburg, va 24060, usa",37.23717173029149,37.23447376970849,-80.4617118197085,-80.4644097802915
"River Company Restaurant & Brewery Inc, The","6633 Viscoe Rd, Radford, VA 24141-6903",6633 Viscoe Rd,"Radford, VA 24141-6903",Phone: (540) 633-3940,Type: Brewpub,www.therivercompanybrewery.com,-80.5449301,37.1460183,premise,rooftop,"6633 viscoe rd, radford, va 24141, usa",37.1474028802915,37.1447049197085,-80.54359021970849,-80.5462881802915
Rock Bottom Brewery -Short Pump,"11800 W Broad St Ste 2098, Richmond, VA 23233-7909",11800 W Broad St Ste 2098,"Richmond, VA 23233-7909",Phone: (804) 237-1684,Type: Brewpub,NA,-77.6215283,37.6554197,subpremise,rooftop,"11800 w broad st #2098, henrico, va 23233, usa",37.6567686802915,37.6540707197085,-77.6201793197085,-77.6228772802915
Rockbridge Vineyard & Brewery,"35 Hill View Ln, Raphine, VA 24472",35 Hill View Ln,"Raphine, VA 24472",Phone: (540) 377-5547,Type: Taproom,NA,-79.2409079,37.941683,premise,rooftop,"35 hillview rd, raphine, va 24472, usa",37.94304303029151,37.94034506970851,-79.23959456970849,-79.24229253029151
Rocket Frog Brewing Company,"22560 Glenn Dr, Sterling, VA 20164-7143",22560 Glenn Dr,"Sterling, VA 20164-7143",Phone: (703) 244-5711,Type: Taproom,www.rocketfrogbeer.com,-77.42546290000001,38.9952447,premise,rooftop,"22560 glenn dr, sterling, va 20164, usa",38.9966672802915,38.9939693197085,-77.42380411970849,-77.4265020802915
Rockfish Brewing Company,"900 Preston Ave, Charlottesville, VA 22903",900 Preston Ave,"Charlottesville, VA 22903",Phone: (434) 566-9783,Type: Taproom,www.rockfishbrewcompany.com,-78.48944589999999,38.0370002,premise,rooftop,"900 preston ave, charlottesville, va 22903, usa",38.0383408802915,38.0356429197085,-78.4880983697085,-78.4907963302915
Selvedge Brewing,"1837 Broadway Street, Charlottesville, VA 22902",1837 Broadway Street,"Charlottesville, VA 22902",Phone: (434) 270-0555,Type: Taproom,www.thewoolfactory.com/selvedge-brewing,-78.4553634,38.0195964,street_address,rooftop,"1837 broadway st, charlottesville, va 22902, usa",38.0209453802915,38.0182474197085,-78.45401441970849,-78.4567123802915
Settle Down Easy Brewing Company,"2822 Fallfax Drive, Falls Church, VA 22042",2822 Fallfax Drive,"Falls Church, VA 22042",Phone: (443) 995-5542,Type: Taproom,www.settledowneasybrewing.com,-77.2086737,38.8761716,street_address,rooftop,"2822 fallfax dr, falls church, va 22042, usa",38.8775205802915,38.8748226197085,-77.20732471970851,-77.21002268029152
Seven Arrows Brewing Co.,"2508 Jefferson Hwy Ste 1, Waynesboro, VA 22980-6500",2508 Jefferson Hwy Ste 1,"Waynesboro, VA 22980-6500",Phone: (540) 221-6968,Type: Taproom,www.sevenarrowsbrewing.com,-78.9389238,38.0868125,subpremise,rooftop,"2508 jefferson hwy #1, waynesboro, va 22980, usa",38.0881614802915,38.0854635197085,-78.93757481970849,-78.94027278029151
Seven Sisters Brewery,"355 E Main St, Wytheville, VA 24382",355 E Main St,"Wytheville, VA 24382",Phone: (276) 227-0999,Type: Taproom,www.sevensistersbreweryva.com,-81.08085539999999,36.951305,premise,rooftop,"355 e main st, wytheville, va 24382, usa",36.9526344302915,36.9499364697085,-81.07950701970849,-81.08220498029151
Shenandoah Valley Brewing Company,"103 W BEVERLEY ST, Staunton, VA 24401-4383",103 W BEVERLEY ST,"Staunton, VA 24401-4383",Phone: (540) 887-2337,Type: Taproom,www.shenvalbrew.com,-79.0738676,38.1495971,premise,rooftop,"103 w beverley st, staunton, va 24401, usa",38.1509482302915,38.1482502697085,-79.07253896970849,-79.07523693029151
Shotwell Run Brewing Company,"2585 S F T Valley Rd, Etlan, VA 22719",2585 S F T Valley Rd,"Etlan, VA 22719",Phone: (540) 923-0022,Type: Taproom,www.shotwellrunbrewing.com,-78.2828639,38.4888822,street_address,rooftop,"2585 s f t valley rd, etlan, va 22719, usa",38.4902311802915,38.4875332197085,-78.28151491970848,-78.2842128802915
Sinistral Brewing Company,"9419 Main St, Manassas, VA 20110",9419 Main St,"Manassas, VA 20110",Phone: 703-686-4575,Type: Taproom,www.sinistralbrewingcompany.com,-77.4710487,38.7506607,premise,rooftop,"historic district, 9419 main st, manassas, va 20110, usa",38.7520242302915,38.7493262697085,-77.4698081197085,-77.47250608029151
Sinkland Farms Brewery,"3060 Riner Rd, Christiansburg, VA 24073",3060 Riner Rd,"Christiansburg, VA 24073",Phone: (540) 382-4647,Type: Taproom,www.sinklandfarms.com,-80.44166299999999,37.089973,street_address,rooftop,"3060 riner rd, christiansburg, va 24073, usa",37.0913219802915,37.0886240197085,-80.4403140197085,-80.4430119802915
Skipping Rock Beer Co.,"414 Parkersburg Tpke, Staunton, VA 24401-6122",414 Parkersburg Tpke,"Staunton, VA 24401-6122",Phone: (540) 292-3417,Type: Taproom,www.skippingrockbeer.com,-79.127698,38.15332,street_address,rooftop,"414 parkersburg turnpike, staunton, va 24401, usa",38.1546689802915,38.1519710197085,-79.12634901970848,-79.1290469802915
Smartmouth Brewing Co,"1309 Raleigh Ave Ste 300, Norfolk, VA 23507-1367",1309 Raleigh Ave Ste 300,"Norfolk, VA 23507-1367",Phone: (757) 624-3939,Type: Taproom,www.smartmouthbrewing.com,-76.30951209999999,36.86645780000001,subpremise,rooftop,"1309 raleigh ave #300, norfolk, va 23507, usa",36.8678025302915,36.8651045697085,-76.3081329197085,-76.3108308802915
Smartmouth Brewing Pilot House,"313 32nd St, Virginia Beach, VA 23451-2950",313 32nd St,"Virginia Beach, VA 23451-2950",NA,Type: Micro,NA,-75.9808389,36.8602138,premise,rooftop,"313 32nd st, virginia beach, va 23451, usa",36.8615792802915,36.8588813197085,-75.97944246970849,-75.9821404302915
Solace Outpost,"444 W. Broad St, Falls Church, VA 22046",444 W. Broad St,"Falls Church, VA 22046",Phone: (571) 378-1469,Type: Brewpub,NA,-77.17649720000001,38.88673350000001,premise,rooftop,"444 w broad st, falls church, va 22046, usa",38.8880070302915,38.88530906970851,-77.17526721970849,-77.1779651802915
Stable Craft Brewing,"375 Madrid Rd, Waynesboro, VA 22980-6230",375 Madrid Rd,"Waynesboro, VA 22980-6230",Phone: (540) 490-2609,Type: Taproom,www.stablecraftbrewing.com,-78.9061479,38.160146,premise,rooftop,"375 madrid rd, waynesboro, va 22980, usa",38.1615864302915,38.15888846970851,-78.9049008697085,-78.9075988302915
Starr Hill Beer Hall - Richmond,"3406 W. Leigh St., Richmond, VA 23230",3406 W. Leigh St.,"Richmond, VA 23230",Phone: (434) 823-5671,Type: Taproom,NA,-77.4745528,37.5705857,street_address,rooftop,"3406 w leigh st, richmond, va 23230, usa",37.57193468029149,37.56923671970849,-77.47320381970849,-77.4759017802915
Starr Hill Brewery On Main,"1300 Main Street, Lynchburg, VA 24504",1300 Main Street,"Lynchburg, VA 24504",Phone: (434) 823-5671,Type: Taproom,NA,-79.13904459999999,37.4115824,premise,rooftop,"1300 main st, lynchburg, va 24504, usa",37.41295823029149,37.41026026970849,-79.1376981697085,-79.1403961302915
Steam Bell Beer Works,"1717 Oak Lake Blvd E, Midlothian, VA 23112-3995",1717 Oak Lake Blvd E,"Midlothian, VA 23112-3995",Phone: (804) 728-1876,Type: Micro,www.steambell.beer,-77.6257638,37.456069,street_address,rooftop,"1717 oak lake blvd, midlothian, va 23112, usa",37.4574179802915,37.4547200197085,-77.62441481970849,-77.62711278029151
Stone Brewing - Richmond,"4300 Williamsburg Ave, Richmond, VA 23231-1225",4300 Williamsburg Ave,"Richmond, VA 23231-1225",Phone: (804) 489-5902,Type: Regional,NA,-77.41264,37.5210071,premise,rooftop,"4300 williamsburg ave, richmond, va 23231, usa",37.52247723029149,37.5197792697085,-77.4112022697085,-77.4139002302915
Strangeways Brewing Company,"3110 W Leigh St, Richmond, VA 23230",3110 W Leigh St,"Richmond, VA 23230",NA,Type: Taproom,NA,-77.47127920000001,37.5679588,premise,rooftop,"3110 w leigh st, richmond, va 23230, usa",37.5693050802915,37.5666071197085,-77.46992486970849,-77.4726228302915
Swover Creek Farm Brewery,"4176 Swover Creek Rd, Edinburg, VA 22824-3744",4176 Swover Creek Rd,"Edinburg, VA 22824-3744",Phone: (540) 984-8973,Type: Brewpub,www.swovercreekfarms.com,-78.66358629999999,38.8415735,premise,rooftop,"4176 swover creek rd, edinburg, va 22824, usa",38.8429155302915,38.8402175697085,-78.6622439197085,-78.66494188029151
Tabol Brewing,"704 Dawn St, Richmond, VA 23222",704 Dawn St,"Richmond, VA 23222",NA,Type: Micro,NA,-77.4413774,37.5623444,premise,rooftop,"704 dawn st, richmond, va 23222, usa",37.5636725802915,37.5609746197085,-77.4400643697085,-77.4427623302915
Talleysville Brewing Co,"8400 Old Church, New Kent, VA 23124",8400 Old Church,"New Kent, VA 23124",Phone: (804) 932-8240,Type: Brewpub,www.newkentwinery.com,-77.07367579999999,37.52868970000001,street_address,rooftop,"8400 old church rd, new kent, va 23124, usa",37.53003868029151,37.52734071970851,-77.07232681970848,-77.0750247802915
That Damn Mary Brewing Company,"5036 B George Washington Memorial Hwy, Hayes, VA 23072",5036 B George Washington Memorial Hwy,"Hayes, VA 23072",Phone: (804) 761-1085,Type: Taproom,www.thatdamnmarybrewing.com,-76.5215906,37.3426937,premise,rooftop,"5036 george washington memorial hwy, hayes, va 23072, usa",37.3440342802915,37.3413363197085,-76.52028151970849,-76.5229794802915
The Answer Brewpub,"6008 W Broad St, Richmond, VA 23230-2222",6008 W Broad St,"Richmond, VA 23230-2222",Phone: (804) 282-1248,Type: Brewpub,www.theanswerbrewpub.com,-77.5071589,37.59315770000001,street_address,rooftop,"6008 w broad st, richmond, va 23230, usa",37.59450668029151,37.59180871970851,-77.50580991970848,-77.50850788029149
The Bold Mariner Brewing Company,"1901 E Oceanview Ave, Norfolk, VA 23503",1901 E Oceanview Ave,"Norfolk, VA 23503",NA,Type: Taproom,www.boldmariner.com,-76.2220657,36.9378272,premise,rooftop,"1901 e ocean view ave, norfolk, va 23503, usa",36.9391731302915,36.9364751697085,-76.22073541970849,-76.2234333802915
The Bunker Brewpub,"211 21st St, Virginia Beach, VA 23451",211 21st St,"Virginia Beach, VA 23451",Phone: (757) 689-4021,Type: Brewpub,NA,-75.976433,36.849369,street_address,rooftop,"211 21st st, virginia beach, va 23451, usa",36.8507179802915,36.8480200197085,-75.97508401970849,-75.97778198029151
The Farm Brewery At Broad Run,"16015 John Marshall Hwy, Broad Run, VA 20137-2250",16015 John Marshall Hwy,"Broad Run, VA 20137-2250",Phone: (703) 932-6001,Type: Taproom,www.thefarmbreweryatbroadrun.com,-77.6674704,38.8184981,street_address,rooftop,"16015 john marshall hwy, broad run, va 20137, usa",38.8198470802915,38.8171491197085,-77.6661214197085,-77.66881938029151
The Friendly Fermenter,"20 South Mason St., Harrisonburg, VA 22801",20 South Mason St.,"Harrisonburg, VA 22801",Phone: (540) 217-2614,Type: Taproom,www.friendlyfermenter.com,-78.866507,38.44883799999999,premise,rooftop,"20 s mason st, harrisonburg, va 22801, usa",38.45017293029149,38.44747496970849,-78.8651619697085,-78.8678599302915
The Garage Brewery,"1011 Eden Way N, Chesapeake, VA 23320",1011 Eden Way N,"Chesapeake, VA 23320",NA,Type: Taproom,NA,-76.2272208,36.7751028,premise,rooftop,"1011 eden way n, chesapeake, va 23320, usa",36.7764919802915,36.7737940197085,-76.2258973197085,-76.2285952802915
The Oozlefinch Craft Brewery,"81 Patch Rd, Fort Monroe, VA 23651-1052",81 Patch Rd,"Fort Monroe, VA 23651-1052",Phone: (757) 224-7042,Type: Micro,www.oozlefinchbeers.com,-76.30470179999999,37.0088971,premise,rooftop,"81 patch rd, hampton, va 23651, usa",37.0102286802915,37.00753071970851,-76.3033678697085,-76.3060658302915
The St. George Brewing Company,"204 Challenger Way, Hampton, VA 23666-1365",204 Challenger Way,"Hampton, VA 23666-1365",Phone: (757) 865-7781,Type: Taproom,www.stgbeer.com,-76.39452050000001,37.0999544,premise,rooftop,"204 challenger way, hampton, va 23666, usa",37.1012372802915,37.09853931970851,-76.39313076970849,-76.39582873029151
The Vanguard Brewpub & Distillery,"504 N King St, Hampton, VA 23669-3057",504 N King St,"Hampton, VA 23669-3057",Phone: (757) 640-8100,Type: Brewpub,www.thevanguard757.com,-76.34534479999999,37.0312487,premise,rooftop,"504 n king st, hampton, va 23669, usa",37.0326316302915,37.02993366970851,-76.34403426970849,-76.3467322302915
The Veil Brewing Company,"1301 Roseneath Rd, Richmond, VA 23230-4623",1301 Roseneath Rd,"Richmond, VA 23230-4623",Phone: (804) 397-5175,Type: Taproom,www.theveilbrewing.com,-77.475306,37.5683275,premise,rooftop,"1301 roseneath rd, richmond, va 23230, usa",37.5696659802915,37.5669680197085,-77.4739924697085,-77.47669043029151
The Veil Brewing Company - Funkhaust Cafe,"2256 Dabney Rd, Richmond, VA 23230",2256 Dabney Rd,"Richmond, VA 23230",NA,Type: Taproom,NA,-77.4824759,37.5835193,premise,rooftop,"2256 dabney rd, richmond, va 23230, usa",37.5848465802915,37.58214861970851,-77.4811140697085,-77.48381203029152
Thin Brew Line Brewing Company,"1375 Oceana Blvd, Virginia Beach, VA 23454",1375 Oceana Blvd,"Virginia Beach, VA 23454",Phone: (757) 937-8613,Type: Taproom,www.thinbrewline.com,-76.000011,36.79407,street_address,rooftop,"1375 oceana blvd, virginia beach, va 23454, usa",36.7954189802915,36.7927210197085,-75.99866201970849,-76.0013599802915
Three Notch'd Brewing Company,"24 Campbell Ave SE, Roanoke, VA 24011",24 Campbell Ave SE,"Roanoke, VA 24011",NA,Type: Brewpub,NA,-79.9394674,37.2720083,premise,rooftop,"24 campbell ave se, roanoke, va 24011, usa",37.2733643802915,37.2706664197085,-79.93811611970851,-79.94081408029152
Three Notch'd RVA Collab House,"2930 W Broad St, Richmond, VA 23230-5114",2930 W Broad St,"Richmond, VA 23230-5114",Phone: (434) 293-0610,Type: Micro,www.threenotchdbrewing.com,-77.472067,37.5643754,street_address,rooftop,"2930 w broad st, richmond, va 23230, usa",37.5657243802915,37.5630264197085,-77.47071801970849,-77.4734159802915
Three Roads Brewing Company - Lynchburg,"1300 Court Street, Lynchburg, VA 24504",1300 Court Street,"Lynchburg, VA 24504",Phone: (434) 315-0471,Type: Taproom,NA,-79.14157990000001,37.4105186,premise,rooftop,"1300 court st, lynchburg, va 24504, usa",37.41188998029151,37.40919201970851,-79.1402450197085,-79.14294298029151
Tradition Brewing Company,"700 Thimble Shoals Blvd Ste 103, Newport News, VA 23606-4532",700 Thimble Shoals Blvd Ste 103,"Newport News, VA 23606-4532",Phone: (757) 592-9393,Type: Taproom,www.traditionbrewing.com,-76.4766434,37.0836086,subpremise,rooftop,"700 thimble shoals blvd #103, newport news, va 23606, usa",37.0852730802915,37.0825751197085,-76.4752174197085,-76.4779153802915
Trapezium Brewing Company,"423 3rd St, Petersburg, VA 23803",423 3rd St,"Petersburg, VA 23803",Phone: (804) 677-5728,Type: Brewpub,www.trapeziumbrewing.com,-77.40102650000001,37.2334739,premise,rooftop,"423 3rd st, petersburg, va 23803, usa",37.2347980802915,37.2321001197085,-77.39970046970849,-77.4023984302915
Triple Crossing Brewing Company,"5203 Hatcher St, Richmond, VA 23231-3199",5203 Hatcher St,"Richmond, VA 23231-3199",Phone: 804-495-1955,Type: Brewpub,www.triplecrossingbeer.com,-77.40684980000002,37.512517,premise,rooftop,"5203 hatcher st, richmond, va 23231, usa",37.51393488029149,37.51123691970849,-77.40557371970849,-77.4082716802915
Tucked Away Brewing,"8420 Kao Circle, Manassas, VA 20110",8420 Kao Circle,"Manassas, VA 20110",Phone: (937) 371-2176,Type: Taproom,NA,-77.4494729,38.7616711,street_address,rooftop,"8420 kao cir, manassas, va 20110, usa",38.7630200802915,38.7603221197085,-77.44812391970851,-77.45082188029151
Twin Creeks Brewing Company,"111 S Pollard St, Vinton, VA 24179-2414",111 S Pollard St,"Vinton, VA 24179-2414",Phone: (540) 400-0882,Type: Taproom,www.twincreeksbrewing.com,-79.89757259999999,37.2805215,street_address,rooftop,"111 s pollard st, vinton, va 24179, usa",37.2818704802915,37.2791725197085,-79.8962236197085,-79.8989215802915
Twinpanzee Brewing Co,"101 Executive Drive, Sterling, VA 20166",101 Executive Drive,"Sterling, VA 20166",Phone: (703) 791-9363,Type: Taproom,twinpanzee.com,-77.44464959999999,38.9844987,premise,rooftop,"101 executive dr, sterling, va 20166, usa",38.9858630802915,38.9831651197085,-77.4431864197085,-77.4458843802915
Twisted Knot Brewing,"11838 Canon Blvd Ste 400, Newport News, VA 23606",11838 Canon Blvd Ste 400,"Newport News, VA 23606",Phone: (757) 782-5941,Type: Taproom,www.twistedknotbrewing.com,-76.4715817,37.0907605,subpremise,rooftop,"11838 canon blvd #400, newport news, va 23606, usa",37.0921094802915,37.0894115197085,-76.4702327197085,-76.47293068029151
Twisted Track Brewpub,"523 Shenandoah Ave NW, Roanoke, VA 24016",523 Shenandoah Ave NW,"Roanoke, VA 24016",Phone: (540) 589-3755,Type: Brewpub,www.twistedtrackbrewpub.com,-79.9502662,37.2751385,premise,rooftop,"523 shenandoah ave nw, roanoke, va 24016, usa",37.27646058029149,37.27376261970849,-79.94891851970849,-79.95161648029149
Unionville Brewing Co.,"24333 Narrow Gauge Rd, Unionville, VA 22567",24333 Narrow Gauge Rd,"Unionville, VA 22567",Phone: (202) 550-7328,Type: Taproom,www.unionvillebrewingco.com,-77.9502846,38.2700567,premise,rooftop,"24333 narrow gauge rd, unionville, va 22567, usa",38.27141883029149,38.2687208697085,-77.94895891970849,-77.95165688029151
Vanish Farmwoods Brewery,"42245 Black Hops Ln, Leesburg, VA 20176-5498",42245 Black Hops Ln,"Leesburg, VA 20176-5498",Phone: (703) 779-7407,Type: Brewpub,vanishbeer.com,-77.5379825,39.2233643,premise,rooftop,"42245 black hops ln, leesburg, va 20176, usa",39.2247321802915,39.2220342197085,-77.53663301970849,-77.5393309802915
Vasen Brewing Company,"3331 W Moore St, Richmond, VA 23230-4423",3331 W Moore St,"Richmond, VA 23230-4423",Phone: (804) 588-5678,Type: Taproom,www.vasenbrewing.com,-77.4728267,37.570145,street_address,rooftop,"3331 w moore st, richmond, va 23230, usa",37.5714939802915,37.5687960197085,-77.4714777197085,-77.47417568029151
Vibrant Shore Brewing Company,"505 18th St, Virginia Beach, VA 23451",505 18th St,"Virginia Beach, VA 23451",Phone: (808) 280-5895,Type: Taproom,NA,-75.9802267,36.8456523,premise,rooftop,"505 18th st, virginia beach, va 23451, usa",36.8469856802915,36.8442877197085,-75.9788762697085,-75.9815742302915
Wasserhund Brewing Company,"1805 Laskin Rd Ste 102, Virginia Beach, VA 23454-4553",1805 Laskin Rd Ste 102,"Virginia Beach, VA 23454-4553",Phone: (757) 351-1326,Type: Brewpub,www.wasserhundbrewing.com,-76.0274309,36.8491433,subpremise,rooftop,"1805 laskin rd ste 102, virginia beach, va 23454, usa",36.8504922802915,36.8477943197085,-76.02608191970849,-76.02877988029151
Water's End Brewery,"12425 Dillingham Sq, Lake Ridge, VA 22192-5252",12425 Dillingham Sq,"Lake Ridge, VA 22192-5252",Phone: (540) 907-5689,Type: Taproom,watersendbrewery.com,-77.3168326,38.68436270000001,street_address,rooftop,"12425 dillingham square, lake ridge, va 22192, usa",38.68571168029151,38.68301371970851,-77.3154836197085,-77.31818158029151
Water's End Brewery - Woodbridge,"Woodbridge, VA 22192, Phone: (540) 907-5689","Woodbridge, VA 22192",Phone: (540) 907-5689,NA,Type: Taproom,NA,-77.2497049,38.6581722,locality,approximate,"woodbridge, va 22191, usa",38.6718591,38.6009509,-77.22404990000001,-77.29277909999999
Wheatland Spring Farm + Brewery,"38506 John Wolford Rd, Waterford, VA 20197",38506 John Wolford Rd,"Waterford, VA 20197",Phone: (540) 687-0035,Type: Taproom,NA,-77.670318,39.1998889,street_address,rooftop,"38506 john wolford rd, waterford, va 20197, usa",39.2012378802915,39.1985399197085,-77.6689690197085,-77.6716669802915
White Rock Vineyards & Winery,"2117 Bruno Dr, Goodview, VA 24095-2974",2117 Bruno Dr,"Goodview, VA 24095-2974",Phone: (540) 890-3359,Type: Taproom,www.whiterockwines.com,-79.7082164,37.2317054,premise,rooftop,"2117 bruno dr, goodview, va 24095, usa",37.2330590302915,37.2303610697085,-79.7068438197085,-79.7095417802915
Wild Run Brewing Company,"3071 Jefferson Davis Hwy, Stafford, VA 22554-4524",3071 Jefferson Davis Hwy,"Stafford, VA 22554-4524",Phone: (540) 659-3447,Type: Taproom,NA,-77.399883,38.4712668,premise,rooftop,"3071 jefferson davis hwy, stafford, va 22554, usa",38.4726081302915,38.4699101697085,-77.39855756970849,-77.4012555302915
Wild Wolf Brewing Co,"2461 Rockfish Valley Hwy, Nellysford, VA 22958-2306",2461 Rockfish Valley Hwy,"Nellysford, VA 22958-2306",Phone: (434) 361-0088,Type: Micro,www.wildwolfbeer.com,-78.88014989999999,37.8884194,premise,rooftop,"2461 rockfish valley hwy, nellysford, va 22958, usa",37.8897569802915,37.8870590197085,-78.8787774197085,-78.88147538029152
WildManDan Brewery / WildManDan Beer Centric B&B,"279 Avon Rd, Afton, VA 22920",279 Avon Rd,"Afton, VA 22920",Phone: (434) 270-0404,Type: Taproom,www.wmdb3.com,-78.83797679999999,37.9865243,premise,rooftop,"279 avon rd, afton, va 22920, usa",37.9878852802915,37.9851873197085,-78.83664631970849,-78.8393442802915
Willow Spring Brewery / The Light Well,"110 E Main St, Orange, VA 22960",110 E Main St,"Orange, VA 22960",Phone: (540) 661-0004,Type: Brewpub,www.thelightwell.com,-78.11060429999999,38.2451741,street_address,rooftop,"110 e main st, orange, va 22960, usa",38.2465230802915,38.2438251197085,-78.10925531970848,-78.1119532802915
Winchester Brew Works LLC,"320 N Cameron St, Winchester, VA 22601-6052",320 N Cameron St,"Winchester, VA 22601-6052",Phone: (540) 692-9242,Type: Taproom,winchesterbrewworks.com,-78.16269439999999,39.186963,street_address,rooftop,"320 n cameron st, winchester, va 22601, usa",39.1883119802915,39.1856140197085,-78.16134541970848,-78.1640433802915
Wolf Hills Brewing Co,"149 Deadmore Street SE, Abingdon, VA 24210",149 Deadmore Street SE,"Abingdon, VA 24210",Phone: (276) 206-7562,Type: Taproom,www.wolfhillsbrewing.com,-81.964368,36.712764,street_address,rooftop,"149 deadmore st se, abingdon, va 24210, usa",36.7141129802915,36.7114150197085,-81.9630190197085,-81.9657169802915
Wood Ridge Farm Brewery,"151 Old Ridge Rd, Lovingston, VA 22949-2550",151 Old Ridge Rd,"Lovingston, VA 22949-2550",Phone: (434) 422-6225,Type: Taproom,NA,-78.8266233,37.8294431,street_address,rooftop,"151 old ridge rd, lovingston, va 22949, usa",37.83079208029149,37.8280941197085,-78.82527431970848,-78.8279722802915
Woodstock Brewhouse,"123 E Court St, Woodstock, VA 22664-1761",123 E Court St,"Woodstock, VA 22664-1761",Phone: (540) 459-2739,Type: Brewpub,www.woodstockbrewhouse.com,-78.5043833,38.8817124,premise,rooftop,"123 e court st, woodstock, va 22664, usa",38.8830575302915,38.8803595697085,-78.50301846970851,-78.50571643029151
Wort Hog Brewing Company LLC,"50A S 3rd St, Warrenton, VA 20186-3340",50A S 3rd St,"Warrenton, VA 20186-3340",Phone: (540) 300-2739,Type: Brewpub,www.worthogbreweryllc.com,-77.7951034,38.711864,street_address,rooftop,"50a s 3rd st, warrenton, va 20186, usa",38.7132129802915,38.7105150197085,-77.79375441970849,-77.7964523802915
Young Veterans Brewing Company,"2505 Horse Pasture Rd Ste 104, Virginia Beach, VA 23453-2988",2505 Horse Pasture Rd Ste 104,"Virginia Beach, VA 23453-2988",Phone: (757) 689-4021,Type: Micro,www.yvbc.com,-76.05545719999999,36.7863578,subpremise,rooftop,"2505 horse pasture rd ste 104, virginia beach, va 23453, usa",36.7877067802915,36.7850088197085,-76.0541082197085,-76.0568061802915
